Entity,Code,Year,Cashew nuts | 00000217 || Production | 005510 || tonnes
Africa,,1961,172050
Africa,,1962,204150
Africa,,1963,226250
Africa,,1964,260650
Africa,,1965,248350
Africa,,1966,240660
Africa,,1967,226382
Africa,,1968,318005
Africa,,1969,288410
Africa,,1970,345772
Africa,,1971,379859
Africa,,1972,369915
Africa,,1973,432738
Africa,,1974,383851
Africa,,1975,358035
Africa,,1976,266297
Africa,,1977,253945
Africa,,1978,199978
Africa,,1979,175688
Africa,,1980,163218
Africa,,1981,186881
Africa,,1982,155056
Africa,,1983,115570
Africa,,1984,119710
Africa,,1985,116960
Africa,,1986,115547
Africa,,1987,120936
Africa,,1988,139393
Africa,,1989,160486
Africa,,1990,126858
Africa,,1991,168418
Africa,,1992,223178
Africa,,1993,217775
Africa,,1994,234053
Africa,,1995,307270
Africa,,1996,387858
Africa,,1997,400690
Africa,,1998,487709
Africa,,1999,826324
Africa,,2000,884749
Africa,,2001,940741
Africa,,2002,929785
Africa,,2003,968518
Africa,,2004,1056031
Africa,,2005,1214473
Africa,,2006,1282673
Africa,,2007,1371514
Africa,,2008,1526923
Africa,,2009,1645872
Africa,,2010,1702877
Africa,,2011,1699376
Africa,,2012,1574863
Africa,,2013,1504938
Africa,,2014,1506118
Africa,,2015,1781213
Africa,,2016,1632648
Africa,,2017,2125949
Africa,,2018,2321911
Africa,,2019,2138477
Africa,,2020,2440286
Africa (FAO),,1961,172050
Africa (FAO),,1962,204150
Africa (FAO),,1963,226250
Africa (FAO),,1964,260650
Africa (FAO),,1965,248350
Africa (FAO),,1966,240660
Africa (FAO),,1967,226382
Africa (FAO),,1968,318005
Africa (FAO),,1969,288410
Africa (FAO),,1970,345772
Africa (FAO),,1971,379859
Africa (FAO),,1972,369915
Africa (FAO),,1973,432738
Africa (FAO),,1974,383851
Africa (FAO),,1975,358035
Africa (FAO),,1976,266297
Africa (FAO),,1977,253945
Africa (FAO),,1978,199978
Africa (FAO),,1979,175688
Africa (FAO),,1980,163218
Africa (FAO),,1981,186881
Africa (FAO),,1982,155056
Africa (FAO),,1983,115570
Africa (FAO),,1984,119710
Africa (FAO),,1985,116960
Africa (FAO),,1986,115547
Africa (FAO),,1987,120936
Africa (FAO),,1988,139393
Africa (FAO),,1989,160486
Africa (FAO),,1990,126858
Africa (FAO),,1991,168418
Africa (FAO),,1992,223178
Africa (FAO),,1993,217775
Africa (FAO),,1994,234053
Africa (FAO),,1995,307270
Africa (FAO),,1996,387858
Africa (FAO),,1997,400690
Africa (FAO),,1998,487709
Africa (FAO),,1999,826324
Africa (FAO),,2000,884749
Africa (FAO),,2001,940741
Africa (FAO),,2002,929785
Africa (FAO),,2003,968518
Africa (FAO),,2004,1056031
Africa (FAO),,2005,1214473
Africa (FAO),,2006,1282673
Africa (FAO),,2007,1371514
Africa (FAO),,2008,1526923
Africa (FAO),,2009,1645872
Africa (FAO),,2010,1702877
Africa (FAO),,2011,1699376
Africa (FAO),,2012,1574863
Africa (FAO),,2013,1504938
Africa (FAO),,2014,1506118
Africa (FAO),,2015,1781213
Africa (FAO),,2016,1632648
Africa (FAO),,2017,2125949
Africa (FAO),,2018,2321911
Africa (FAO),,2019,2138477
Africa (FAO),,2020,2440286
Americas (FAO),,1961,11945
Americas (FAO),,1962,14225
Americas (FAO),,1963,15948
Americas (FAO),,1964,11977
Americas (FAO),,1965,16178
Americas (FAO),,1966,16104
Americas (FAO),,1967,26652
Americas (FAO),,1968,26149
Americas (FAO),,1969,25953
Americas (FAO),,1970,22813
Americas (FAO),,1971,31150
Americas (FAO),,1972,37558
Americas (FAO),,1973,39538
Americas (FAO),,1974,37566
Americas (FAO),,1975,23017
Americas (FAO),,1976,39327
Americas (FAO),,1977,62557
Americas (FAO),,1978,79897
Americas (FAO),,1979,68073
Americas (FAO),,1980,78396
Americas (FAO),,1981,77406
Americas (FAO),,1982,83110
Americas (FAO),,1983,93524
Americas (FAO),,1984,77109
Americas (FAO),,1985,119230
Americas (FAO),,1986,124343
Americas (FAO),,1987,79206
Americas (FAO),,1988,132259
Americas (FAO),,1989,142435
Americas (FAO),,1990,115060
Americas (FAO),,1991,200751
Americas (FAO),,1992,123213
Americas (FAO),,1993,92892
Americas (FAO),,1994,164816
Americas (FAO),,1995,200917
Americas (FAO),,1996,184021
Americas (FAO),,1997,140654
Americas (FAO),,1998,71184
Americas (FAO),,1999,164698
Americas (FAO),,2000,157328
Americas (FAO),,2001,143343
Americas (FAO),,2002,186345
Americas (FAO),,2003,201646
Americas (FAO),,2004,207980
Americas (FAO),,2005,174593
Americas (FAO),,2006,264962
Americas (FAO),,2007,162154
Americas (FAO),,2008,265969
Americas (FAO),,2009,243255
Americas (FAO),,2010,121882
Americas (FAO),,2011,249996
Americas (FAO),,2012,97970
Americas (FAO),,2013,124910
Americas (FAO),,2014,125046
Americas (FAO),,2015,120062
Americas (FAO),,2016,91686
Americas (FAO),,2017,148267
Americas (FAO),,2018,154568
Americas (FAO),,2019,151659
Americas (FAO),,2020,155799
Angola,AGO,1961,1000
Angola,AGO,1962,1000
Angola,AGO,1963,1000
Angola,AGO,1964,1000
Angola,AGO,1965,1000
Angola,AGO,1966,1100
Angola,AGO,1967,1200
Angola,AGO,1968,1200
Angola,AGO,1969,1200
Angola,AGO,1970,1300
Angola,AGO,1971,1300
Angola,AGO,1972,1300
Angola,AGO,1973,1400
Angola,AGO,1974,1400
Angola,AGO,1975,1400
Angola,AGO,1976,1400
Angola,AGO,1977,1500
Angola,AGO,1978,1200
Angola,AGO,1979,1200
Angola,AGO,1980,1200
Angola,AGO,1981,1200
Angola,AGO,1982,1200
Angola,AGO,1983,1200
Angola,AGO,1984,1200
Angola,AGO,1985,1200
Angola,AGO,1986,1200
Angola,AGO,1987,1200
Angola,AGO,1988,1200
Angola,AGO,1989,1200
Angola,AGO,1990,816
Angola,AGO,1991,1153
Angola,AGO,1992,1100
Angola,AGO,1993,1100
Angola,AGO,1994,800
Angola,AGO,1995,900
Angola,AGO,1996,1000
Angola,AGO,1997,1100
Angola,AGO,1998,1200
Angola,AGO,1999,1000
Angola,AGO,2000,1100
Angola,AGO,2001,1185
Angola,AGO,2002,1250
Angola,AGO,2003,1290
Angola,AGO,2004,1331
Angola,AGO,2005,1425
Angola,AGO,2006,1481
Angola,AGO,2007,1525
Angola,AGO,2008,1595
Angola,AGO,2009,1661
Angola,AGO,2010,1750
Angola,AGO,2011,1809
Angola,AGO,2012,2000
Angola,AGO,2013,1980
Angola,AGO,2014,2003
Angola,AGO,2015,2021
Angola,AGO,2016,2056
Angola,AGO,2017,2026
Angola,AGO,2018,2034
Angola,AGO,2019,2039
Angola,AGO,2020,2033
Asia,,1961,103540
Asia,,1962,106520
Asia,,1963,106890
Asia,,1964,110810
Asia,,1965,121775
Asia,,1966,124554
Asia,,1967,134742
Asia,,1968,139384
Asia,,1969,138313
Asia,,1970,143354
Asia,,1971,147837
Asia,,1972,150669
Asia,,1973,152072
Asia,,1974,163829
Asia,,1975,182733
Asia,,1976,201910
Asia,,1977,203117
Asia,,1978,208767
Asia,,1979,213920
Asia,,1980,222581
Asia,,1981,229870
Asia,,1982,250195
Asia,,1983,265895
Asia,,1984,304586
Asia,,1985,337823
Asia,,1986,377376
Asia,,1987,414132
Asia,,1988,410931
Asia,,1989,440914
Asia,,1990,585021
Asia,,1991,517420
Asia,,1992,526699
Asia,,1993,602457
Asia,,1994,635614
Asia,,1995,639544
Asia,,1996,644888
Asia,,1997,785423
Asia,,1998,711837
Asia,,1999,738930
Asia,,2000,832075
Asia,,2001,784802
Asia,,2002,875569
Asia,,2003,946529
Asia,,2004,1050284
Asia,,2005,1080959
Asia,,2006,1130187
Asia,,2007,1255390
Asia,,2008,1305414
Asia,,2009,1306960
Asia,,2010,1235466
Asia,,2011,1295346
Asia,,2012,1339398
Asia,,2013,1341228
Asia,,2014,1349964
Asia,,2015,1493448
Asia,,2016,1391141
Asia,,2017,1381574
Asia,,2018,1546081
Asia,,2019,1482962
Asia,,2020,1584905
Asia (FAO),,1961,103540
Asia (FAO),,1962,106520
Asia (FAO),,1963,106890
Asia (FAO),,1964,110810
Asia (FAO),,1965,121775
Asia (FAO),,1966,124554
Asia (FAO),,1967,134742
Asia (FAO),,1968,139384
Asia (FAO),,1969,138313
Asia (FAO),,1970,143354
Asia (FAO),,1971,147837
Asia (FAO),,1972,150669
Asia (FAO),,1973,152072
Asia (FAO),,1974,163829
Asia (FAO),,1975,182733
Asia (FAO),,1976,201910
Asia (FAO),,1977,203117
Asia (FAO),,1978,208767
Asia (FAO),,1979,213920
Asia (FAO),,1980,222581
Asia (FAO),,1981,229870
Asia (FAO),,1982,250195
Asia (FAO),,1983,265895
Asia (FAO),,1984,304586
Asia (FAO),,1985,337823
Asia (FAO),,1986,377376
Asia (FAO),,1987,414132
Asia (FAO),,1988,410931
Asia (FAO),,1989,440914
Asia (FAO),,1990,585021
Asia (FAO),,1991,517420
Asia (FAO),,1992,526699
Asia (FAO),,1993,602457
Asia (FAO),,1994,635614
Asia (FAO),,1995,639544
Asia (FAO),,1996,644888
Asia (FAO),,1997,785423
Asia (FAO),,1998,711837
Asia (FAO),,1999,738930
Asia (FAO),,2000,832075
Asia (FAO),,2001,784802
Asia (FAO),,2002,875569
Asia (FAO),,2003,946529
Asia (FAO),,2004,1050284
Asia (FAO),,2005,1080959
Asia (FAO),,2006,1130187
Asia (FAO),,2007,1255390
Asia (FAO),,2008,1305414
Asia (FAO),,2009,1306960
Asia (FAO),,2010,1235466
Asia (FAO),,2011,1295346
Asia (FAO),,2012,1339398
Asia (FAO),,2013,1341228
Asia (FAO),,2014,1349964
Asia (FAO),,2015,1493448
Asia (FAO),,2016,1391141
Asia (FAO),,2017,1381574
Asia (FAO),,2018,1546081
Asia (FAO),,2019,1482962
Asia (FAO),,2020,1584905
Belize,BLZ,1999,350
Belize,BLZ,2000,720
Belize,BLZ,2001,1155
Belize,BLZ,2002,136
Belize,BLZ,2003,109
Belize,BLZ,2004,143
Belize,BLZ,2005,148
Belize,BLZ,2006,147
Belize,BLZ,2007,135
Belize,BLZ,2008,119
Belize,BLZ,2009,108
Belize,BLZ,2010,108
Belize,BLZ,2011,75
Belize,BLZ,2012,0
Belize,BLZ,2013,0
Belize,BLZ,2014,2
Belize,BLZ,2015,24
Belize,BLZ,2016,0
Belize,BLZ,2017,0
Belize,BLZ,2018,0
Belize,BLZ,2019,0
Belize,BLZ,2020,0
Benin,BEN,1961,50
Benin,BEN,1962,50
Benin,BEN,1963,50
Benin,BEN,1964,50
Benin,BEN,1965,50
Benin,BEN,1966,60
Benin,BEN,1967,182
Benin,BEN,1968,305
Benin,BEN,1969,410
Benin,BEN,1970,627
Benin,BEN,1971,550
Benin,BEN,1972,600
Benin,BEN,1973,650
Benin,BEN,1974,727
Benin,BEN,1975,345
Benin,BEN,1976,410
Benin,BEN,1977,1060
Benin,BEN,1978,1300
Benin,BEN,1979,1020
Benin,BEN,1980,1086
Benin,BEN,1981,1154
Benin,BEN,1982,3000
Benin,BEN,1983,1200
Benin,BEN,1984,1300
Benin,BEN,1985,1200
Benin,BEN,1986,1200
Benin,BEN,1987,1200
Benin,BEN,1988,1200
Benin,BEN,1989,1200
Benin,BEN,1990,3000
Benin,BEN,1991,4000
Benin,BEN,1992,6000
Benin,BEN,1993,8500
Benin,BEN,1994,10000
Benin,BEN,1995,15000
Benin,BEN,1996,20000
Benin,BEN,1997,25000
Benin,BEN,1998,27418
Benin,BEN,1999,30000
Benin,BEN,2000,40000
Benin,BEN,2001,41363
Benin,BEN,2002,44069
Benin,BEN,2003,46103
Benin,BEN,2004,45000
Benin,BEN,2005,52500
Benin,BEN,2006,55000
Benin,BEN,2007,60000
Benin,BEN,2008,86000
Benin,BEN,2009,117000
Benin,BEN,2010,102137
Benin,BEN,2011,162986
Benin,BEN,2012,162986
Benin,BEN,2013,198172
Benin,BEN,2014,201818
Benin,BEN,2015,225230
Benin,BEN,2016,125728
Benin,BEN,2017,133965
Benin,BEN,2018,115590
Benin,BEN,2019,130276
Benin,BEN,2020,190000
Brazil,BRA,1961,9670
Brazil,BRA,1962,11987
Brazil,BRA,1963,13621
Brazil,BRA,1964,9643
Brazil,BRA,1965,13789
Brazil,BRA,1966,13677
Brazil,BRA,1967,24181
Brazil,BRA,1968,23683
Brazil,BRA,1969,23443
Brazil,BRA,1970,20309
Brazil,BRA,1971,28602
Brazil,BRA,1972,35000
Brazil,BRA,1973,36936
Brazil,BRA,1974,34901
Brazil,BRA,1975,20490
Brazil,BRA,1976,36800
Brazil,BRA,1977,60000
Brazil,BRA,1978,77000
Brazil,BRA,1979,65000
Brazil,BRA,1980,75000
Brazil,BRA,1981,74000
Brazil,BRA,1982,80000
Brazil,BRA,1983,90000
Brazil,BRA,1984,74000
Brazil,BRA,1985,115000
Brazil,BRA,1986,120000
Brazil,BRA,1987,75000
Brazil,BRA,1988,128080
Brazil,BRA,1989,136130
Brazil,BRA,1990,107664
Brazil,BRA,1991,185965
Brazil,BRA,1992,107955
Brazil,BRA,1993,77098
Brazil,BRA,1994,149804
Brazil,BRA,1995,185229
Brazil,BRA,1996,167211
Brazil,BRA,1997,125397
Brazil,BRA,1998,54124
Brazil,BRA,1999,145437
Brazil,BRA,2000,138608
Brazil,BRA,2001,124073
Brazil,BRA,2002,164539
Brazil,BRA,2003,183094
Brazil,BRA,2004,187839
Brazil,BRA,2005,152751
Brazil,BRA,2006,243770
Brazil,BRA,2007,140675
Brazil,BRA,2008,243253
Brazil,BRA,2009,220505
Brazil,BRA,2010,104342
Brazil,BRA,2011,230785
Brazil,BRA,2012,80630
Brazil,BRA,2013,109679
Brazil,BRA,2014,107713
Brazil,BRA,2015,103363
Brazil,BRA,2016,74568
Brazil,BRA,2017,133608
Brazil,BRA,2018,141386
Brazil,BRA,2019,138597
Brazil,BRA,2020,139921
Burkina Faso,BFA,1978,100
Burkina Faso,BFA,1979,200
Burkina Faso,BFA,1980,200
Burkina Faso,BFA,1981,700
Burkina Faso,BFA,1982,400
Burkina Faso,BFA,1983,700
Burkina Faso,BFA,1984,500
Burkina Faso,BFA,1985,645
Burkina Faso,BFA,1986,694
Burkina Faso,BFA,1987,734
Burkina Faso,BFA,1988,2323
Burkina Faso,BFA,1989,2345
Burkina Faso,BFA,1990,1074
Burkina Faso,BFA,1991,2000
Burkina Faso,BFA,1992,1949
Burkina Faso,BFA,1993,2085
Burkina Faso,BFA,1994,2215
Burkina Faso,BFA,1995,2500
Burkina Faso,BFA,1996,3583
Burkina Faso,BFA,1997,3063
Burkina Faso,BFA,1998,4137
Burkina Faso,BFA,1999,3500
Burkina Faso,BFA,2000,5848
Burkina Faso,BFA,2001,6426
Burkina Faso,BFA,2002,6454
Burkina Faso,BFA,2003,7824
Burkina Faso,BFA,2004,8425
Burkina Faso,BFA,2005,9289
Burkina Faso,BFA,2006,9995
Burkina Faso,BFA,2007,6500
Burkina Faso,BFA,2008,7000
Burkina Faso,BFA,2009,6700
Burkina Faso,BFA,2010,20800
Burkina Faso,BFA,2011,95000
Burkina Faso,BFA,2012,60000
Burkina Faso,BFA,2013,115000
Burkina Faso,BFA,2014,120000
Burkina Faso,BFA,2015,120000
Burkina Faso,BFA,2016,120000
Burkina Faso,BFA,2017,125000
Burkina Faso,BFA,2018,135000
Burkina Faso,BFA,2019,142197
Burkina Faso,BFA,2020,162105
Burundi,BDI,2017,215765
Burundi,BDI,2018,266389
Burundi,BDI,2019,283328
Burundi,BDI,2020,300910
Caribbean (FAO),,1961,775
Caribbean (FAO),,1962,738
Caribbean (FAO),,1963,777
Caribbean (FAO),,1964,784
Caribbean (FAO),,1965,789
Caribbean (FAO),,1966,827
Caribbean (FAO),,1967,821
Caribbean (FAO),,1968,816
Caribbean (FAO),,1969,810
Caribbean (FAO),,1970,804
Caribbean (FAO),,1971,798
Caribbean (FAO),,1972,808
Caribbean (FAO),,1973,802
Caribbean (FAO),,1974,815
Caribbean (FAO),,1975,825
Caribbean (FAO),,1976,825
Caribbean (FAO),,1977,855
Caribbean (FAO),,1978,855
Caribbean (FAO),,1979,865
Caribbean (FAO),,1980,872
Caribbean (FAO),,1981,882
Caribbean (FAO),,1982,902
Caribbean (FAO),,1983,914
Caribbean (FAO),,1984,914
Caribbean (FAO),,1985,914
Caribbean (FAO),,1986,924
Caribbean (FAO),,1987,924
Caribbean (FAO),,1988,920
Caribbean (FAO),,1989,930
Caribbean (FAO),,1990,930
Caribbean (FAO),,1991,930
Caribbean (FAO),,1992,930
Caribbean (FAO),,1993,930
Caribbean (FAO),,1994,930
Caribbean (FAO),,1995,930
Caribbean (FAO),,1996,930
Caribbean (FAO),,1997,930
Caribbean (FAO),,1998,930
Caribbean (FAO),,1999,950
Caribbean (FAO),,2000,950
Caribbean (FAO),,2001,950
Caribbean (FAO),,2002,950
Caribbean (FAO),,2003,1000
Caribbean (FAO),,2004,1000
Caribbean (FAO),,2005,1000
Caribbean (FAO),,2006,1000
Caribbean (FAO),,2007,1025
Caribbean (FAO),,2008,1200
Caribbean (FAO),,2009,1115
Caribbean (FAO),,2010,895
Caribbean (FAO),,2011,663
Caribbean (FAO),,2012,700
Caribbean (FAO),,2013,700
Caribbean (FAO),,2014,699
Caribbean (FAO),,2015,689
Caribbean (FAO),,2016,680
Caribbean (FAO),,2017,674
Caribbean (FAO),,2018,668
Caribbean (FAO),,2019,663
Caribbean (FAO),,2020,658
Central America (FAO),,1961,1500
Central America (FAO),,1962,1500
Central America (FAO),,1963,1550
Central America (FAO),,1964,1550
Central America (FAO),,1965,1600
Central America (FAO),,1966,1600
Central America (FAO),,1967,1650
Central America (FAO),,1968,1650
Central America (FAO),,1969,1700
Central America (FAO),,1970,1700
Central America (FAO),,1971,1750
Central America (FAO),,1972,1750
Central America (FAO),,1973,1800
Central America (FAO),,1974,1850
Central America (FAO),,1975,1702
Central America (FAO),,1976,1702
Central America (FAO),,1977,1702
Central America (FAO),,1978,2042
Central America (FAO),,1979,2208
Central America (FAO),,1980,2524
Central America (FAO),,1981,2524
Central America (FAO),,1982,2208
Central America (FAO),,1983,2610
Central America (FAO),,1984,2195
Central America (FAO),,1985,3316
Central America (FAO),,1986,3419
Central America (FAO),,1987,3282
Central America (FAO),,1988,3259
Central America (FAO),,1989,2725
Central America (FAO),,1990,3766
Central America (FAO),,1991,3750
Central America (FAO),,1992,3987
Central America (FAO),,1993,4407
Central America (FAO),,1994,4521
Central America (FAO),,1995,4881
Central America (FAO),,1996,5874
Central America (FAO),,1997,4605
Central America (FAO),,1998,5159
Central America (FAO),,1999,6117
Central America (FAO),,2000,5945
Central America (FAO),,2001,6568
Central America (FAO),,2002,9249
Central America (FAO),,2003,5735
Central America (FAO),,2004,6910
Central America (FAO),,2005,8628
Central America (FAO),,2006,7762
Central America (FAO),,2007,7745
Central America (FAO),,2008,8629
Central America (FAO),,2009,8384
Central America (FAO),,2010,8475
Central America (FAO),,2011,8156
Central America (FAO),,2012,8074
Central America (FAO),,2013,7797
Central America (FAO),,2014,7364
Central America (FAO),,2015,7165
Central America (FAO),,2016,6611
Central America (FAO),,2017,6425
Central America (FAO),,2018,6411
Central America (FAO),,2019,6578
Central America (FAO),,2020,7107
China,CHN,1961,2000
China,CHN,1962,2200
China,CHN,1963,2400
China,CHN,1964,2600
China,CHN,1965,2400
China,CHN,1966,2750
China,CHN,1967,2800
China,CHN,1968,3000
China,CHN,1969,3000
China,CHN,1970,3250
China,CHN,1971,4000
China,CHN,1972,3800
China,CHN,1973,4000
China,CHN,1974,4500
China,CHN,1975,4800
China,CHN,1976,5000
China,CHN,1977,4800
China,CHN,1978,5200
China,CHN,1979,5500
China,CHN,1980,6000
China,CHN,1981,6400
China,CHN,1982,6500
China,CHN,1983,6700
China,CHN,1984,7000
China,CHN,1985,6500
China,CHN,1986,7200
China,CHN,1987,7800
China,CHN,1988,8000
China,CHN,1989,1500
China,CHN,1990,1000
China,CHN,1991,800
China,CHN,1992,700
China,CHN,1993,850
China,CHN,1994,1000
China,CHN,1995,923
China,CHN,1996,1200
China,CHN,1997,1565
China,CHN,1998,1365
China,CHN,1999,1547
China,CHN,2000,1179
China,CHN,2001,1118
China,CHN,2002,1037
China,CHN,2003,1208
China,CHN,2004,616
China,CHN,2005,390
China,CHN,2006,418
China,CHN,2007,491
China,CHN,2008,500
China,CHN,2009,590
China,CHN,2010,570
China,CHN,2011,449
China,CHN,2012,356
China,CHN,2013,283
China,CHN,2014,266
China,CHN,2015,189
China,CHN,2016,246
China,CHN,2017,234
China,CHN,2018,223
China,CHN,2019,234
China,CHN,2020,230
China (FAO),,1961,2000
China (FAO),,1962,2200
China (FAO),,1963,2400
China (FAO),,1964,2600
China (FAO),,1965,2400
China (FAO),,1966,2750
China (FAO),,1967,2800
China (FAO),,1968,3000
China (FAO),,1969,3000
China (FAO),,1970,3250
China (FAO),,1971,4000
China (FAO),,1972,3800
China (FAO),,1973,4000
China (FAO),,1974,4500
China (FAO),,1975,4800
China (FAO),,1976,5000
China (FAO),,1977,4800
China (FAO),,1978,5200
China (FAO),,1979,5500
China (FAO),,1980,6000
China (FAO),,1981,6400
China (FAO),,1982,6500
China (FAO),,1983,6700
China (FAO),,1984,7000
China (FAO),,1985,6500
China (FAO),,1986,7200
China (FAO),,1987,7800
China (FAO),,1988,8000
China (FAO),,1989,1500
China (FAO),,1990,1000
China (FAO),,1991,800
China (FAO),,1992,700
China (FAO),,1993,850
China (FAO),,1994,1000
China (FAO),,1995,923
China (FAO),,1996,1200
China (FAO),,1997,1565
China (FAO),,1998,1365
China (FAO),,1999,1547
China (FAO),,2000,1179
China (FAO),,2001,1118
China (FAO),,2002,1037
China (FAO),,2003,1208
China (FAO),,2004,616
China (FAO),,2005,390
China (FAO),,2006,418
China (FAO),,2007,491
China (FAO),,2008,500
China (FAO),,2009,590
China (FAO),,2010,570
China (FAO),,2011,449
China (FAO),,2012,356
China (FAO),,2013,283
China (FAO),,2014,266
China (FAO),,2015,189
China (FAO),,2016,246
China (FAO),,2017,234
China (FAO),,2018,223
China (FAO),,2019,234
China (FAO),,2020,230
Colombia,COL,1991,7756
Colombia,COL,1992,7756
Colombia,COL,1993,7857
Colombia,COL,1994,8036
Colombia,COL,1995,8215
Colombia,COL,1996,8393
Colombia,COL,1997,8572
Colombia,COL,1998,8751
Colombia,COL,1999,8929
Colombia,COL,2000,9108
Colombia,COL,2001,9287
Colombia,COL,2002,9465
Colombia,COL,2003,9644
Colombia,COL,2004,9823
Colombia,COL,2005,10001
Colombia,COL,2006,10180
Colombia,COL,2007,10359
Colombia,COL,2008,10537
Colombia,COL,2009,10716
Colombia,COL,2010,6046
Colombia,COL,2011,7804
Colombia,COL,2012,5860
Colombia,COL,2013,3956
Colombia,COL,2014,6513
Colombia,COL,2015,6289
Colombia,COL,2016,7164
Colombia,COL,2017,4312
Colombia,COL,2018,3435
Colombia,COL,2019,4112
Colombia,COL,2020,4443
Cote d'Ivoire,CIV,1961,400
Cote d'Ivoire,CIV,1962,400
Cote d'Ivoire,CIV,1963,400
Cote d'Ivoire,CIV,1964,400
Cote d'Ivoire,CIV,1965,400
Cote d'Ivoire,CIV,1966,400
Cote d'Ivoire,CIV,1967,400
Cote d'Ivoire,CIV,1968,400
Cote d'Ivoire,CIV,1969,400
Cote d'Ivoire,CIV,1970,300
Cote d'Ivoire,CIV,1971,400
Cote d'Ivoire,CIV,1972,380
Cote d'Ivoire,CIV,1973,224
Cote d'Ivoire,CIV,1974,350
Cote d'Ivoire,CIV,1975,450
Cote d'Ivoire,CIV,1976,350
Cote d'Ivoire,CIV,1977,500
Cote d'Ivoire,CIV,1978,500
Cote d'Ivoire,CIV,1979,550
Cote d'Ivoire,CIV,1980,600
Cote d'Ivoire,CIV,1981,1100
Cote d'Ivoire,CIV,1982,1300
Cote d'Ivoire,CIV,1983,2200
Cote d'Ivoire,CIV,1984,2200
Cote d'Ivoire,CIV,1985,3500
Cote d'Ivoire,CIV,1986,6000
Cote d'Ivoire,CIV,1987,5000
Cote d'Ivoire,CIV,1988,3000
Cote d'Ivoire,CIV,1989,9000
Cote d'Ivoire,CIV,1990,6500
Cote d'Ivoire,CIV,1991,7500
Cote d'Ivoire,CIV,1992,7700
Cote d'Ivoire,CIV,1993,16900
Cote d'Ivoire,CIV,1994,16400
Cote d'Ivoire,CIV,1995,39400
Cote d'Ivoire,CIV,1996,31200
Cote d'Ivoire,CIV,1997,36544
Cote d'Ivoire,CIV,1998,39275
Cote d'Ivoire,CIV,1999,74552
Cote d'Ivoire,CIV,2000,63380
Cote d'Ivoire,CIV,2001,87573
Cote d'Ivoire,CIV,2002,104985
Cote d'Ivoire,CIV,2003,84811
Cote d'Ivoire,CIV,2004,140636
Cote d'Ivoire,CIV,2005,185000
Cote d'Ivoire,CIV,2006,235000
Cote d'Ivoire,CIV,2007,280000
Cote d'Ivoire,CIV,2008,330000
Cote d'Ivoire,CIV,2009,350000
Cote d'Ivoire,CIV,2010,380000
Cote d'Ivoire,CIV,2011,393000
Cote d'Ivoire,CIV,2012,450000
Cote d'Ivoire,CIV,2013,513289
Cote d'Ivoire,CIV,2014,550000
Cote d'Ivoire,CIV,2015,703000
Cote d'Ivoire,CIV,2016,650000
Cote d'Ivoire,CIV,2017,711000
Cote d'Ivoire,CIV,2018,761317
Cote d'Ivoire,CIV,2019,634631
Cote d'Ivoire,CIV,2020,848700
Dominican Republic,DOM,1961,775
Dominican Republic,DOM,1962,738
Dominican Republic,DOM,1963,777
Dominican Republic,DOM,1964,784
Dominican Republic,DOM,1965,789
Dominican Republic,DOM,1966,827
Dominican Republic,DOM,1967,821
Dominican Republic,DOM,1968,816
Dominican Republic,DOM,1969,810
Dominican Republic,DOM,1970,804
Dominican Republic,DOM,1971,798
Dominican Republic,DOM,1972,793
Dominican Republic,DOM,1973,787
Dominican Republic,DOM,1974,800
Dominican Republic,DOM,1975,810
Dominican Republic,DOM,1976,820
Dominican Republic,DOM,1977,850
Dominican Republic,DOM,1978,850
Dominican Republic,DOM,1979,860
Dominican Republic,DOM,1980,870
Dominican Republic,DOM,1981,880
Dominican Republic,DOM,1982,900
Dominican Republic,DOM,1983,910
Dominican Republic,DOM,1984,910
Dominican Republic,DOM,1985,910
Dominican Republic,DOM,1986,920
Dominican Republic,DOM,1987,920
Dominican Republic,DOM,1988,920
Dominican Republic,DOM,1989,930
Dominican Republic,DOM,1990,930
Dominican Republic,DOM,1991,930
Dominican Republic,DOM,1992,930
Dominican Republic,DOM,1993,930
Dominican Republic,DOM,1994,930
Dominican Republic,DOM,1995,930
Dominican Republic,DOM,1996,930
Dominican Republic,DOM,1997,930
Dominican Republic,DOM,1998,930
Dominican Republic,DOM,1999,950
Dominican Republic,DOM,2000,950
Dominican Republic,DOM,2001,950
Dominican Republic,DOM,2002,950
Dominican Republic,DOM,2003,1000
Dominican Republic,DOM,2004,1000
Dominican Republic,DOM,2005,1000
Dominican Republic,DOM,2006,1000
Dominican Republic,DOM,2007,1025
Dominican Republic,DOM,2008,1200
Dominican Republic,DOM,2009,1115
Dominican Republic,DOM,2010,895
Dominican Republic,DOM,2011,663
Dominican Republic,DOM,2012,700
Dominican Republic,DOM,2013,700
Dominican Republic,DOM,2014,699
Dominican Republic,DOM,2015,689
Dominican Republic,DOM,2016,680
Dominican Republic,DOM,2017,674
Dominican Republic,DOM,2018,668
Dominican Republic,DOM,2019,663
Dominican Republic,DOM,2020,658
Eastern Africa (FAO),,1961,161600
Eastern Africa (FAO),,1962,186700
Eastern Africa (FAO),,1963,207800
Eastern Africa (FAO),,1964,238200
Eastern Africa (FAO),,1965,222900
Eastern Africa (FAO),,1966,214100
Eastern Africa (FAO),,1967,198600
Eastern Africa (FAO),,1968,289100
Eastern Africa (FAO),,1969,259400
Eastern Africa (FAO),,1970,316045
Eastern Africa (FAO),,1971,350109
Eastern Africa (FAO),,1972,340135
Eastern Africa (FAO),,1973,402964
Eastern Africa (FAO),,1974,353874
Eastern Africa (FAO),,1975,328340
Eastern Africa (FAO),,1976,236637
Eastern Africa (FAO),,1977,222885
Eastern Africa (FAO),,1978,168878
Eastern Africa (FAO),,1979,144718
Eastern Africa (FAO),,1980,130916
Eastern Africa (FAO),,1981,152700
Eastern Africa (FAO),,1982,118884
Eastern Africa (FAO),,1983,80170
Eastern Africa (FAO),,1984,77300
Eastern Africa (FAO),,1985,70250
Eastern Africa (FAO),,1986,63900
Eastern Africa (FAO),,1987,66590
Eastern Africa (FAO),,1988,84870
Eastern Africa (FAO),,1989,87285
Eastern Africa (FAO),,1990,51884
Eastern Africa (FAO),,1991,78998
Eastern Africa (FAO),,1992,111931
Eastern Africa (FAO),,1993,76449
Eastern Africa (FAO),,1994,82114
Eastern Africa (FAO),,1995,108037
Eastern Africa (FAO),,1996,165024
Eastern Africa (FAO),,1997,124693
Eastern Africa (FAO),,1998,166145
Eastern Africa (FAO),,1999,184693
Eastern Africa (FAO),,2000,198707
Eastern Africa (FAO),,2001,199287
Eastern Africa (FAO),,2002,134474
Eastern Africa (FAO),,2003,172121
Eastern Africa (FAO),,2004,155873
Eastern Africa (FAO),,2005,215683
Eastern Africa (FAO),,2006,175440
Eastern Africa (FAO),,2007,190504
Eastern Africa (FAO),,2008,245172
Eastern Africa (FAO),,2009,167441
Eastern Africa (FAO),,2010,195422
Eastern Africa (FAO),,2011,262002
Eastern Africa (FAO),,2012,260976
Eastern Africa (FAO),,2013,239251
Eastern Africa (FAO),,2014,222642
Eastern Africa (FAO),,2015,315020
Eastern Africa (FAO),,2016,291839
Eastern Africa (FAO),,2017,646562
Eastern Africa (FAO),,2018,731435
Eastern Africa (FAO),,2019,668626
Eastern Africa (FAO),,2020,681898
Eastern Asia (FAO),,1961,2000
Eastern Asia (FAO),,1962,2200
Eastern Asia (FAO),,1963,2400
Eastern Asia (FAO),,1964,2600
Eastern Asia (FAO),,1965,2400
Eastern Asia (FAO),,1966,2750
Eastern Asia (FAO),,1967,2800
Eastern Asia (FAO),,1968,3000
Eastern Asia (FAO),,1969,3000
Eastern Asia (FAO),,1970,3250
Eastern Asia (FAO),,1971,4000
Eastern Asia (FAO),,1972,3800
Eastern Asia (FAO),,1973,4000
Eastern Asia (FAO),,1974,4500
Eastern Asia (FAO),,1975,4800
Eastern Asia (FAO),,1976,5000
Eastern Asia (FAO),,1977,4800
Eastern Asia (FAO),,1978,5200
Eastern Asia (FAO),,1979,5500
Eastern Asia (FAO),,1980,6000
Eastern Asia (FAO),,1981,6400
Eastern Asia (FAO),,1982,6500
Eastern Asia (FAO),,1983,6700
Eastern Asia (FAO),,1984,7000
Eastern Asia (FAO),,1985,6500
Eastern Asia (FAO),,1986,7200
Eastern Asia (FAO),,1987,7800
Eastern Asia (FAO),,1988,8000
Eastern Asia (FAO),,1989,1500
Eastern Asia (FAO),,1990,1000
Eastern Asia (FAO),,1991,800
Eastern Asia (FAO),,1992,700
Eastern Asia (FAO),,1993,850
Eastern Asia (FAO),,1994,1000
Eastern Asia (FAO),,1995,923
Eastern Asia (FAO),,1996,1200
Eastern Asia (FAO),,1997,1565
Eastern Asia (FAO),,1998,1365
Eastern Asia (FAO),,1999,1547
Eastern Asia (FAO),,2000,1179
Eastern Asia (FAO),,2001,1118
Eastern Asia (FAO),,2002,1037
Eastern Asia (FAO),,2003,1208
Eastern Asia (FAO),,2004,616
Eastern Asia (FAO),,2005,390
Eastern Asia (FAO),,2006,418
Eastern Asia (FAO),,2007,491
Eastern Asia (FAO),,2008,500
Eastern Asia (FAO),,2009,590
Eastern Asia (FAO),,2010,570
Eastern Asia (FAO),,2011,449
Eastern Asia (FAO),,2012,356
Eastern Asia (FAO),,2013,283
Eastern Asia (FAO),,2014,266
Eastern Asia (FAO),,2015,189
Eastern Asia (FAO),,2016,246
Eastern Asia (FAO),,2017,234
Eastern Asia (FAO),,2018,223
Eastern Asia (FAO),,2019,234
Eastern Asia (FAO),,2020,230
El Salvador,SLV,1961,1500
El Salvador,SLV,1962,1500
El Salvador,SLV,1963,1550
El Salvador,SLV,1964,1550
El Salvador,SLV,1965,1600
El Salvador,SLV,1966,1600
El Salvador,SLV,1967,1650
El Salvador,SLV,1968,1650
El Salvador,SLV,1969,1700
El Salvador,SLV,1970,1700
El Salvador,SLV,1971,1750
El Salvador,SLV,1972,1750
El Salvador,SLV,1973,1800
El Salvador,SLV,1974,1850
El Salvador,SLV,1975,1702
El Salvador,SLV,1976,1702
El Salvador,SLV,1977,1702
El Salvador,SLV,1978,2042
El Salvador,SLV,1979,2208
El Salvador,SLV,1980,2208
El Salvador,SLV,1981,2208
El Salvador,SLV,1982,2208
El Salvador,SLV,1983,2226
El Salvador,SLV,1984,2195
El Salvador,SLV,1985,2162
El Salvador,SLV,1986,2208
El Salvador,SLV,1987,1895
El Salvador,SLV,1988,1858
El Salvador,SLV,1989,2024
El Salvador,SLV,1990,2098
El Salvador,SLV,1991,2000
El Salvador,SLV,1992,2400
El Salvador,SLV,1993,2800
El Salvador,SLV,1994,2800
El Salvador,SLV,1995,3000
El Salvador,SLV,1996,3846
El Salvador,SLV,1997,2622
El Salvador,SLV,1998,2622
El Salvador,SLV,1999,2530
El Salvador,SLV,2000,2530
El Salvador,SLV,2001,2600
El Salvador,SLV,2002,2563
El Salvador,SLV,2003,2580
El Salvador,SLV,2004,2560
El Salvador,SLV,2005,2557
El Salvador,SLV,2006,2550
El Salvador,SLV,2007,2700
El Salvador,SLV,2008,2422
El Salvador,SLV,2009,2245
El Salvador,SLV,2010,2061
El Salvador,SLV,2011,1871
El Salvador,SLV,2012,1651
El Salvador,SLV,2013,1435
El Salvador,SLV,2014,1113
El Salvador,SLV,2015,804
El Salvador,SLV,2016,946
El Salvador,SLV,2017,586
El Salvador,SLV,2018,783
El Salvador,SLV,2019,932
El Salvador,SLV,2020,936
Gambia,GMB,2008,3300
Gambia,GMB,2009,3800
Gambia,GMB,2010,4000
Gambia,GMB,2011,2750
Gambia,GMB,2012,2800
Gambia,GMB,2013,2928
Gambia,GMB,2014,2855
Gambia,GMB,2015,2832
Gambia,GMB,2016,2743
Gambia,GMB,2017,2810
Gambia,GMB,2018,2730
Gambia,GMB,2019,2761
Gambia,GMB,2020,2767
Ghana,GHA,1987,500
Ghana,GHA,1988,500
Ghana,GHA,1989,500
Ghana,GHA,1990,480
Ghana,GHA,1991,514
Ghana,GHA,1992,516
Ghana,GHA,1993,513
Ghana,GHA,1994,1000
Ghana,GHA,1995,2034
Ghana,GHA,1996,1500
Ghana,GHA,1997,7500
Ghana,GHA,1998,9189
Ghana,GHA,1999,8463
Ghana,GHA,2000,9138
Ghana,GHA,2001,8021
Ghana,GHA,2002,9000
Ghana,GHA,2003,16500
Ghana,GHA,2004,25000
Ghana,GHA,2005,29000
Ghana,GHA,2006,34000
Ghana,GHA,2007,32363
Ghana,GHA,2008,22000
Ghana,GHA,2009,27000
Ghana,GHA,2010,32638
Ghana,GHA,2011,36000
Ghana,GHA,2012,40000
Ghana,GHA,2013,42000
Ghana,GHA,2014,50000
Ghana,GHA,2015,50000
Ghana,GHA,2016,78268
Ghana,GHA,2017,90000
Ghana,GHA,2018,102531
Ghana,GHA,2019,85962
Ghana,GHA,2020,82420
Guadeloupe,GLP,1972,15
Guadeloupe,GLP,1973,15
Guadeloupe,GLP,1974,15
Guadeloupe,GLP,1975,15
Guadeloupe,GLP,1976,5
Guadeloupe,GLP,1977,5
Guadeloupe,GLP,1978,5
Guadeloupe,GLP,1979,5
Guadeloupe,GLP,1980,2
Guadeloupe,GLP,1981,2
Guadeloupe,GLP,1982,2
Guadeloupe,GLP,1983,4
Guadeloupe,GLP,1984,4
Guadeloupe,GLP,1985,4
Guadeloupe,GLP,1986,4
Guadeloupe,GLP,1987,4
Guadeloupe,GLP,1988,0
Guadeloupe,GLP,1990,0
Guadeloupe,GLP,1991,0
Guadeloupe,GLP,1992,0
Guinea,GIN,1985,2100
Guinea,GIN,1986,2450
Guinea,GIN,1987,2450
Guinea,GIN,1988,2100
Guinea,GIN,1989,2100
Guinea,GIN,1990,2017
Guinea,GIN,1991,2509
Guinea,GIN,1992,2400
Guinea,GIN,1993,1600
Guinea,GIN,1994,1682
Guinea,GIN,1995,1755
Guinea,GIN,1996,1800
Guinea,GIN,1997,1691
Guinea,GIN,1998,1623
Guinea,GIN,1999,1263
Guinea,GIN,2000,1350
Guinea,GIN,2001,1600
Guinea,GIN,2002,1900
Guinea,GIN,2003,2300
Guinea,GIN,2004,5000
Guinea,GIN,2005,6200
Guinea,GIN,2006,6500
Guinea,GIN,2007,6500
Guinea,GIN,2008,7000
Guinea,GIN,2009,7074
Guinea,GIN,2010,7100
Guinea,GIN,2011,7904
Guinea,GIN,2012,8500
Guinea,GIN,2013,8600
Guinea,GIN,2014,12000
Guinea,GIN,2015,14000
Guinea,GIN,2016,20000
Guinea,GIN,2017,16000
Guinea,GIN,2018,25000
Guinea,GIN,2019,28509
Guinea,GIN,2020,20856
Guinea-Bissau,GNB,1961,2000
Guinea-Bissau,GNB,1962,2000
Guinea-Bissau,GNB,1963,2000
Guinea-Bissau,GNB,1964,2000
Guinea-Bissau,GNB,1965,2000
Guinea-Bissau,GNB,1966,2000
Guinea-Bissau,GNB,1967,2000
Guinea-Bissau,GNB,1968,2000
Guinea-Bissau,GNB,1969,2000
Guinea-Bissau,GNB,1970,2500
Guinea-Bissau,GNB,1971,2500
Guinea-Bissau,GNB,1972,2500
Guinea-Bissau,GNB,1973,2500
Guinea-Bissau,GNB,1974,2500
Guinea-Bissau,GNB,1975,2500
Guinea-Bissau,GNB,1976,2500
Guinea-Bissau,GNB,1977,3000
Guinea-Bissau,GNB,1978,3000
Guinea-Bissau,GNB,1979,3000
Guinea-Bissau,GNB,1980,3500
Guinea-Bissau,GNB,1981,5000
Guinea-Bissau,GNB,1982,5000
Guinea-Bissau,GNB,1983,5000
Guinea-Bissau,GNB,1984,12000
Guinea-Bissau,GNB,1985,13000
Guinea-Bissau,GNB,1986,15000
Guinea-Bissau,GNB,1987,18000
Guinea-Bissau,GNB,1988,18000
Guinea-Bissau,GNB,1989,30000
Guinea-Bissau,GNB,1990,30000
Guinea-Bissau,GNB,1991,20824
Guinea-Bissau,GNB,1992,30000
Guinea-Bissau,GNB,1993,26448
Guinea-Bissau,GNB,1994,24793
Guinea-Bissau,GNB,1995,29007
Guinea-Bissau,GNB,1996,38580
Guinea-Bissau,GNB,1997,57887
Guinea-Bissau,GNB,1998,64000
Guinea-Bissau,GNB,1999,73156
Guinea-Bissau,GNB,2000,72725
Guinea-Bissau,GNB,2001,85000
Guinea-Bissau,GNB,2002,86000
Guinea-Bissau,GNB,2003,85313
Guinea-Bissau,GNB,2004,89295
Guinea-Bissau,GNB,2005,89000
Guinea-Bissau,GNB,2006,95000
Guinea-Bissau,GNB,2007,98000
Guinea-Bissau,GNB,2008,111000
Guinea-Bissau,GNB,2009,123000
Guinea-Bissau,GNB,2010,121293
Guinea-Bissau,GNB,2011,124501
Guinea-Bissau,GNB,2012,117573
Guinea-Bissau,GNB,2013,137210
Guinea-Bissau,GNB,2014,158715
Guinea-Bissau,GNB,2015,169137
Guinea-Bissau,GNB,2016,155021
Guinea-Bissau,GNB,2017,160958
Guinea-Bissau,GNB,2018,161705
Guinea-Bissau,GNB,2019,159228
Guinea-Bissau,GNB,2020,160630
Honduras,HND,1986,150
Honduras,HND,1987,200
Honduras,HND,1988,300
Honduras,HND,1989,344
Honduras,HND,1990,1500
Honduras,HND,1991,1567
Honduras,HND,1992,1587
Honduras,HND,1993,1607
Honduras,HND,1994,1627
Honduras,HND,1995,1646
Honduras,HND,1996,1666
Honduras,HND,1997,1682
Honduras,HND,1998,1702
Honduras,HND,1999,1722
Honduras,HND,2000,1694
Honduras,HND,2001,1700
Honduras,HND,2002,2175
Honduras,HND,2003,2050
Honduras,HND,2004,1925
Honduras,HND,2005,1800
Honduras,HND,2006,1900
Honduras,HND,2007,1912
Honduras,HND,2008,1917
Honduras,HND,2009,1923
Honduras,HND,2010,1900
Honduras,HND,2011,1950
Honduras,HND,2012,2000
Honduras,HND,2013,2002
Honduras,HND,2014,2022
Honduras,HND,2015,2049
Honduras,HND,2016,2062
Honduras,HND,2017,2072
Honduras,HND,2018,2072
Honduras,HND,2019,2083
Honduras,HND,2020,2094
India,IND,1961,85000
India,IND,1962,88000
India,IND,1963,92000
India,IND,1964,95000
India,IND,1965,100000
India,IND,1966,103818
India,IND,1967,114182
India,IND,1968,118542
India,IND,1969,120438
India,IND,1970,123319
India,IND,1971,127223
India,IND,1972,130000
India,IND,1973,129766
India,IND,1974,135451
India,IND,1975,144254
India,IND,1976,161536
India,IND,1977,162457
India,IND,1978,165323
India,IND,1979,171817
India,IND,1980,180266
India,IND,1981,185250
India,IND,1982,195760
India,IND,1983,201440
India,IND,1984,210870
India,IND,1985,221330
India,IND,1986,234480
India,IND,1987,245580
India,IND,1988,260260
India,IND,1989,274330
India,IND,1990,285590
India,IND,1991,294590
India,IND,1992,305310
India,IND,1993,350000
India,IND,1994,350000
India,IND,1995,321640
India,IND,1996,417830
India,IND,1997,430000
India,IND,1998,360000
India,IND,1999,460000
India,IND,2000,520000
India,IND,2001,450000
India,IND,2002,470000
India,IND,2003,500000
India,IND,2004,535000
India,IND,2005,544000
India,IND,2006,573000
India,IND,2007,620000
India,IND,2008,665000
India,IND,2009,695000
India,IND,2010,613000
India,IND,2011,674600
India,IND,2012,725000
India,IND,2013,753000
India,IND,2014,753000
India,IND,2015,745000
India,IND,2016,671000
India,IND,2017,745000
India,IND,2018,817000
India,IND,2019,743000
India,IND,2020,772779
Indonesia,IDN,1975,9122
Indonesia,IDN,1976,7176
Indonesia,IDN,1977,7370
Indonesia,IDN,1978,8799
Indonesia,IDN,1979,9764
Indonesia,IDN,1980,9074
Indonesia,IDN,1981,11444
Indonesia,IDN,1982,16830
Indonesia,IDN,1983,18047
Indonesia,IDN,1984,19411
Indonesia,IDN,1985,21114
Indonesia,IDN,1986,22515
Indonesia,IDN,1987,24042
Indonesia,IDN,1988,23305
Indonesia,IDN,1989,27990
Indonesia,IDN,1990,29907
Indonesia,IDN,1991,57247
Indonesia,IDN,1992,62217
Indonesia,IDN,1993,69751
Indonesia,IDN,1994,72077
Indonesia,IDN,1995,74995
Indonesia,IDN,1996,67100
Indonesia,IDN,1997,73732
Indonesia,IDN,1998,87696
Indonesia,IDN,1999,90321
Indonesia,IDN,2000,69927
Indonesia,IDN,2001,91586
Indonesia,IDN,2002,110232
Indonesia,IDN,2003,106931
Indonesia,IDN,2004,131020
Indonesia,IDN,2005,135070
Indonesia,IDN,2006,149226
Indonesia,IDN,2007,146148
Indonesia,IDN,2008,156652
Indonesia,IDN,2009,147403
Indonesia,IDN,2010,115149
Indonesia,IDN,2011,114789
Indonesia,IDN,2012,116915
Indonesia,IDN,2013,116000
Indonesia,IDN,2014,131200
Indonesia,IDN,2015,137580
Indonesia,IDN,2016,137094
Indonesia,IDN,2017,135569
Indonesia,IDN,2018,147647
Indonesia,IDN,2019,134183
Indonesia,IDN,2020,131872
Kenya,KEN,1961,3000
Kenya,KEN,1962,7000
Kenya,KEN,1963,7000
Kenya,KEN,1964,9400
Kenya,KEN,1965,9000
Kenya,KEN,1966,9900
Kenya,KEN,1967,11800
Kenya,KEN,1968,8500
Kenya,KEN,1969,7200
Kenya,KEN,1970,22200
Kenya,KEN,1971,19200
Kenya,KEN,1972,11976
Kenya,KEN,1973,15184
Kenya,KEN,1974,15970
Kenya,KEN,1975,21600
Kenya,KEN,1976,28000
Kenya,KEN,1977,35000
Kenya,KEN,1978,36000
Kenya,KEN,1979,18290
Kenya,KEN,1980,15000
Kenya,KEN,1981,14000
Kenya,KEN,1982,10884
Kenya,KEN,1983,7700
Kenya,KEN,1984,15000
Kenya,KEN,1985,8500
Kenya,KEN,1986,10200
Kenya,KEN,1987,8500
Kenya,KEN,1988,12400
Kenya,KEN,1989,12400
Kenya,KEN,1990,7000
Kenya,KEN,1991,12000
Kenya,KEN,1992,10000
Kenya,KEN,1993,8000
Kenya,KEN,1994,6000
Kenya,KEN,1995,5000
Kenya,KEN,1996,10000
Kenya,KEN,1997,8754
Kenya,KEN,1998,14531
Kenya,KEN,1999,12260
Kenya,KEN,2000,12500
Kenya,KEN,2001,12111
Kenya,KEN,2002,10031
Kenya,KEN,2003,10000
Kenya,KEN,2004,13109
Kenya,KEN,2005,14372
Kenya,KEN,2006,15324
Kenya,KEN,2007,16396
Kenya,KEN,2008,17000
Kenya,KEN,2009,17683
Kenya,KEN,2010,17568
Kenya,KEN,2011,20927
Kenya,KEN,2012,29026
Kenya,KEN,2013,21086
Kenya,KEN,2014,22140
Kenya,KEN,2015,28410
Kenya,KEN,2016,24954
Kenya,KEN,2017,19066
Kenya,KEN,2018,13852
Kenya,KEN,2019,12802
Kenya,KEN,2020,12668
Land Locked Developing Countries (FAO),,1978,100
Land Locked Developing Countries (FAO),,1979,200
Land Locked Developing Countries (FAO),,1980,916
Land Locked Developing Countries (FAO),,1981,727
Land Locked Developing Countries (FAO),,1982,672
Land Locked Developing Countries (FAO),,1983,800
Land Locked Developing Countries (FAO),,1984,710
Land Locked Developing Countries (FAO),,1985,710
Land Locked Developing Countries (FAO),,1986,797
Land Locked Developing Countries (FAO),,1987,803
Land Locked Developing Countries (FAO),,1988,2323
Land Locked Developing Countries (FAO),,1989,2345
Land Locked Developing Countries (FAO),,1990,1074
Land Locked Developing Countries (FAO),,1991,4778
Land Locked Developing Countries (FAO),,1992,6580
Land Locked Developing Countries (FAO),,1993,8570
Land Locked Developing Countries (FAO),,1994,10554
Land Locked Developing Countries (FAO),,1995,12692
Land Locked Developing Countries (FAO),,1996,15630
Land Locked Developing Countries (FAO),,1997,16964
Land Locked Developing Countries (FAO),,1998,19893
Land Locked Developing Countries (FAO),,1999,21110
Land Locked Developing Countries (FAO),,2000,25313
Land Locked Developing Countries (FAO),,2001,27745
Land Locked Developing Countries (FAO),,2002,29590
Land Locked Developing Countries (FAO),,2003,30929
Land Locked Developing Countries (FAO),,2004,33237
Land Locked Developing Countries (FAO),,2005,35807
Land Locked Developing Countries (FAO),,2006,38220
Land Locked Developing Countries (FAO),,2007,36435
Land Locked Developing Countries (FAO),,2008,38653
Land Locked Developing Countries (FAO),,2009,40109
Land Locked Developing Countries (FAO),,2010,56124
Land Locked Developing Countries (FAO),,2011,132865
Land Locked Developing Countries (FAO),,2012,104042
Land Locked Developing Countries (FAO),,2013,154716
Land Locked Developing Countries (FAO),,2014,192234
Land Locked Developing Countries (FAO),,2015,185973
Land Locked Developing Countries (FAO),,2016,191023
Land Locked Developing Countries (FAO),,2017,460749
Land Locked Developing Countries (FAO),,2018,569224
Land Locked Developing Countries (FAO),,2019,593360
Land Locked Developing Countries (FAO),,2020,636437
Least Developed Countries (FAO),,1961,161650
Least Developed Countries (FAO),,1962,182750
Least Developed Countries (FAO),,1963,203850
Least Developed Countries (FAO),,1964,231850
Least Developed Countries (FAO),,1965,216950
Least Developed Countries (FAO),,1966,207360
Least Developed Countries (FAO),,1967,190182
Least Developed Countries (FAO),,1968,284105
Least Developed Countries (FAO),,1969,255810
Least Developed Countries (FAO),,1970,298272
Least Developed Countries (FAO),,1971,335259
Least Developed Countries (FAO),,1972,332559
Least Developed Countries (FAO),,1973,392330
Least Developed Countries (FAO),,1974,342531
Least Developed Countries (FAO),,1975,310985
Least Developed Countries (FAO),,1976,212947
Least Developed Countries (FAO),,1977,193445
Least Developed Countries (FAO),,1978,138478
Least Developed Countries (FAO),,1979,131848
Least Developed Countries (FAO),,1980,122618
Least Developed Countries (FAO),,1981,146781
Least Developed Countries (FAO),,1982,117872
Least Developed Countries (FAO),,1983,80670
Least Developed Countries (FAO),,1984,77510
Least Developed Countries (FAO),,1985,79960
Least Developed Countries (FAO),,1986,74347
Least Developed Countries (FAO),,1987,81936
Least Developed Countries (FAO),,1988,98493
Least Developed Countries (FAO),,1989,113586
Least Developed Countries (FAO),,1990,82878
Least Developed Countries (FAO),,1991,103404
Least Developed Countries (FAO),,1992,149962
Least Developed Countries (FAO),,1993,117362
Least Developed Countries (FAO),,1994,125653
Least Developed Countries (FAO),,1995,165836
Least Developed Countries (FAO),,1996,235158
Least Developed Countries (FAO),,1997,222892
Least Developed Countries (FAO),,1998,272714
Least Developed Countries (FAO),,1999,314049
Least Developed Countries (FAO),,2000,333731
Least Developed Countries (FAO),,2001,348486
Least Developed Countries (FAO),,2002,292219
Least Developed Countries (FAO),,2003,333707
Least Developed Countries (FAO),,2004,322786
Least Developed Countries (FAO),,2005,392651
Least Developed Countries (FAO),,2006,362949
Least Developed Countries (FAO),,2007,383425
Least Developed Countries (FAO),,2008,483357
Least Developed Countries (FAO),,2009,451939
Least Developed Countries (FAO),,2010,481845
Least Developed Countries (FAO),,2011,688177
Least Developed Countries (FAO),,2012,644382
Least Developed Countries (FAO),,2013,737223
Least Developed Countries (FAO),,2014,786366
Least Developed Countries (FAO),,2015,904244
Least Developed Countries (FAO),,2016,782571
Least Developed Countries (FAO),,2017,1207358
Least Developed Countries (FAO),,2018,1345711
Least Developed Countries (FAO),,2019,1306552
Least Developed Countries (FAO),,2020,1399171
Low Income Food Deficit Countries (FAO),,1961,249750
Low Income Food Deficit Countries (FAO),,1962,277850
Low Income Food Deficit Countries (FAO),,1963,302950
Low Income Food Deficit Countries (FAO),,1964,336350
Low Income Food Deficit Countries (FAO),,1965,326050
Low Income Food Deficit Countries (FAO),,1966,322478
Low Income Food Deficit Countries (FAO),,1967,317464
Low Income Food Deficit Countries (FAO),,1968,412447
Low Income Food Deficit Countries (FAO),,1969,384748
Low Income Food Deficit Countries (FAO),,1970,444891
Low Income Food Deficit Countries (FAO),,1971,484282
Low Income Food Deficit Countries (FAO),,1972,477115
Low Income Food Deficit Countries (FAO),,1973,539604
Low Income Food Deficit Countries (FAO),,1974,496402
Low Income Food Deficit Countries (FAO),,1975,479389
Low Income Food Deficit Countries (FAO),,1976,406333
Low Income Food Deficit Countries (FAO),,1977,394802
Low Income Food Deficit Countries (FAO),,1978,344001
Low Income Food Deficit Countries (FAO),,1979,326205
Low Income Food Deficit Countries (FAO),,1980,322884
Low Income Food Deficit Countries (FAO),,1981,352431
Low Income Food Deficit Countries (FAO),,1982,334616
Low Income Food Deficit Countries (FAO),,1983,310810
Low Income Food Deficit Countries (FAO),,1984,344380
Low Income Food Deficit Countries (FAO),,1985,372090
Low Income Food Deficit Countries (FAO),,1986,403827
Low Income Food Deficit Countries (FAO),,1987,440316
Low Income Food Deficit Countries (FAO),,1988,453453
Low Income Food Deficit Countries (FAO),,1989,508616
Low Income Food Deficit Countries (FAO),,1990,521632
Low Income Food Deficit Countries (FAO),,1991,448855
Low Income Food Deficit Countries (FAO),,1992,496118
Low Income Food Deficit Countries (FAO),,1993,538225
Low Income Food Deficit Countries (FAO),,1994,550138
Low Income Food Deficit Countries (FAO),,1995,583595
Low Income Food Deficit Countries (FAO),,1996,753832
Low Income Food Deficit Countries (FAO),,1997,771495
Low Income Food Deficit Countries (FAO),,1998,747760
Low Income Food Deficit Countries (FAO),,1999,903928
Low Income Food Deficit Countries (FAO),,2000,1005248
Low Income Food Deficit Countries (FAO),,2001,977634
Low Income Food Deficit Countries (FAO),,2002,1013352
Low Income Food Deficit Countries (FAO),,2003,1107628
Low Income Food Deficit Countries (FAO),,2004,1239374
Low Income Food Deficit Countries (FAO),,2005,1367337
Low Income Food Deficit Countries (FAO),,2006,1445324
Low Income Food Deficit Countries (FAO),,2007,1642414
Low Income Food Deficit Countries (FAO),,2008,1823603
Low Income Food Deficit Countries (FAO),,2009,1831211
Low Income Food Deficit Countries (FAO),,2010,1834145
Low Income Food Deficit Countries (FAO),,2011,2129538
Low Income Food Deficit Countries (FAO),,2012,2197624
Low Income Food Deficit Countries (FAO),,2013,2338737
Low Income Food Deficit Countries (FAO),,2014,2403108
Low Income Food Deficit Countries (FAO),,2015,2779072
Low Income Food Deficit Countries (FAO),,2016,2508569
Low Income Food Deficit Countries (FAO),,2017,2984688
Low Income Food Deficit Countries (FAO),,2018,3303265
Low Income Food Deficit Countries (FAO),,2019,3065485
Low Income Food Deficit Countries (FAO),,2020,3460727
Low-income countries,,1961,110600
Low-income countries,,1962,111700
Low-income countries,,1963,152800
Low-income countries,,1964,159800
Low-income countries,,1965,139900
Low-income countries,,1966,123000
Low-income countries,,1967,105000
Low-income countries,,1968,190100
Low-income countries,,1969,158500
Low-income countries,,1970,188900
Low-income countries,,1971,207000
Low-income countries,,1972,205100
Low-income countries,,1973,245200
Low-income countries,,1974,218700
Low-income countries,,1975,193400
Low-income countries,,1976,127500
Low-income countries,,1977,97600
Low-income countries,,1978,67500
Low-income countries,,1979,72500
Low-income countries,,1980,78916
Low-income countries,,1981,80427
Low-income countries,,1982,70472
Low-income countries,,1983,45200
Low-income countries,,1984,36910
Low-income countries,,1985,44810
Low-income countries,,1986,52747
Low-income countries,,1987,61046
Low-income countries,,1988,72623
Low-income countries,,1989,90426
Low-income countries,,1990,61502
Low-income countries,,1991,65401
Low-income countries,,1992,100062
Low-income countries,,1993,65962
Low-income countries,,1994,66653
Low-income countries,,1995,83627
Low-income countries,,1996,129858
Low-income countries,,1997,127027
Low-income countries,,1998,143896
Low-income countries,,1999,161549
Low-income countries,,2000,164031
Low-income countries,,2001,179188
Low-income countries,,2002,174570
Low-income countries,,2003,189460
Low-income countries,,2004,177823
Low-income countries,,2005,242748
Low-income countries,,2006,209941
Low-income countries,,2007,223630
Low-income countries,,2008,255014
Low-income countries,,2009,247928
Low-income countries,,2010,296888
Low-income countries,,2011,394512
Low-income countries,,2012,311446
Low-income countries,,2013,400567
Low-income countries,,2014,443378
Low-income countries,,2015,469245
Low-income countries,,2016,487935
Low-income countries,,2017,794831
Low-income countries,,2018,904065
Low-income countries,,2019,939070
Low-income countries,,2020,964225
Lower-middle-income countries,,1961,160390
Lower-middle-income countries,,1962,194170
Lower-middle-income countries,,1963,175290
Lower-middle-income countries,,1964,206310
Lower-middle-income countries,,1965,225025
Lower-middle-income countries,,1966,236564
Lower-middle-income countries,,1967,250374
Lower-middle-income countries,,1968,261139
Lower-middle-income countries,,1969,261823
Lower-middle-income countries,,1970,293076
Lower-middle-income countries,,1971,313446
Lower-middle-income countries,,1972,308234
Lower-middle-income countries,,1973,332510
Lower-middle-income countries,,1974,314630
Lower-middle-income countries,,1975,331270
Lower-middle-income countries,,1976,323509
Lower-middle-income countries,,1977,342964
Lower-middle-income countries,,1978,325787
Lower-middle-income countries,,1979,304516
Lower-middle-income countries,,1980,293391
Lower-middle-income countries,,1981,323732
Lower-middle-income countries,,1982,321287
Lower-middle-income countries,,1983,319691
Lower-middle-income countries,,1984,363081
Lower-middle-income countries,,1985,390135
Lower-middle-income countries,,1986,415369
Lower-middle-income countries,,1987,446141
Lower-middle-income countries,,1988,449499
Lower-middle-income countries,,1989,488296
Lower-middle-income countries,,1990,631125
Lower-middle-income countries,,1991,597204
Lower-middle-income countries,,1992,625472
Lower-middle-income countries,,1993,728530
Lower-middle-income countries,,1994,776337
Lower-middle-income countries,,1995,834176
Lower-middle-income countries,,1996,874582
Lower-middle-income countries,,1997,1026645
Lower-middle-income countries,,1998,1024673
Lower-middle-income countries,,1999,1371672
Lower-middle-income countries,,2000,1498817
Lower-middle-income countries,,2001,1498585
Lower-middle-income countries,,2002,1586151
Lower-middle-income countries,,2003,1672409
Lower-middle-income countries,,2004,1877070
Lower-middle-income countries,,2005,1982872
Lower-middle-income countries,,2006,2147168
Lower-middle-income countries,,2007,2351482
Lower-middle-income countries,,2008,2526714
Lower-middle-income countries,,2009,2656136
Lower-middle-income countries,,2010,2592502
Lower-middle-income countries,,2011,2559670
Lower-middle-income countries,,2012,2561850
Lower-middle-income countries,,2013,2406282
Lower-middle-income countries,,2014,2373709
Lower-middle-income countries,,2015,2770228
Lower-middle-income countries,,2016,2497428
Lower-middle-income countries,,2017,2674316
Lower-middle-income countries,,2018,2926604
Lower-middle-income countries,,2019,2644502
Lower-middle-income countries,,2020,3023298
Madagascar,MDG,1961,1600
Madagascar,MDG,1962,1700
Madagascar,MDG,1963,1800
Madagascar,MDG,1964,1800
Madagascar,MDG,1965,1900
Madagascar,MDG,1966,2000
Madagascar,MDG,1967,2000
Madagascar,MDG,1968,2200
Madagascar,MDG,1969,2300
Madagascar,MDG,1970,2400
Madagascar,MDG,1971,2500
Madagascar,MDG,1972,2600
Madagascar,MDG,1973,2700
Madagascar,MDG,1974,2800
Madagascar,MDG,1975,2900
Madagascar,MDG,1976,3000
Madagascar,MDG,1977,3100
Madagascar,MDG,1978,3400
Madagascar,MDG,1979,3300
Madagascar,MDG,1980,3400
Madagascar,MDG,1981,3600
Madagascar,MDG,1982,3800
Madagascar,MDG,1983,3800
Madagascar,MDG,1984,3900
Madagascar,MDG,1985,4000
Madagascar,MDG,1986,4500
Madagascar,MDG,1987,4600
Madagascar,MDG,1988,5000
Madagascar,MDG,1989,5400
Madagascar,MDG,1990,5300
Madagascar,MDG,1991,5800
Madagascar,MDG,1992,6200
Madagascar,MDG,1993,5000
Madagascar,MDG,1994,6200
Madagascar,MDG,1995,6000
Madagascar,MDG,1996,6500
Madagascar,MDG,1997,7000
Madagascar,MDG,1998,6500
Madagascar,MDG,1999,7000
Madagascar,MDG,2000,6500
Madagascar,MDG,2001,6663
Madagascar,MDG,2002,6673
Madagascar,MDG,2003,6750
Madagascar,MDG,2004,6753
Madagascar,MDG,2005,6781
Madagascar,MDG,2006,6700
Madagascar,MDG,2007,6900
Madagascar,MDG,2008,7961
Madagascar,MDG,2009,6445
Madagascar,MDG,2010,6913
Madagascar,MDG,2011,6996
Madagascar,MDG,2012,7000
Madagascar,MDG,2013,7000
Madagascar,MDG,2014,7073
Madagascar,MDG,2015,7163
Madagascar,MDG,2016,7158
Madagascar,MDG,2017,7182
Madagascar,MDG,2018,7154
Madagascar,MDG,2019,7176
Madagascar,MDG,2020,7199
Malawi,MWI,1991,214
Malawi,MWI,1992,214
Malawi,MWI,1993,214
Malawi,MWI,1994,214
Malawi,MWI,1995,214
Malawi,MWI,1996,214
Malawi,MWI,1997,214
Malawi,MWI,1998,214
Malawi,MWI,1999,213
Malawi,MWI,2000,213
Malawi,MWI,2001,213
Malawi,MWI,2002,213
Malawi,MWI,2003,213
Malawi,MWI,2004,213
Malawi,MWI,2005,213
Malawi,MWI,2006,213
Malawi,MWI,2007,213
Malawi,MWI,2008,213
Malawi,MWI,2009,213
Malawi,MWI,2010,213
Malawi,MWI,2011,213
Malawi,MWI,2012,219
Malawi,MWI,2013,218
Malawi,MWI,2014,225
Malawi,MWI,2015,274
Malawi,MWI,2016,132
Malawi,MWI,2017,223
Malawi,MWI,2018,214
Malawi,MWI,2019,214
Malawi,MWI,2020,215
Malaysia,MYS,1961,3600
Malaysia,MYS,1962,3600
Malaysia,MYS,1963,3600
Malaysia,MYS,1964,3600
Malaysia,MYS,1965,3600
Malaysia,MYS,1966,3600
Malaysia,MYS,1967,3600
Malaysia,MYS,1968,3700
Malaysia,MYS,1969,3900
Malaysia,MYS,1970,4300
Malaysia,MYS,1971,3600
Malaysia,MYS,1972,3700
Malaysia,MYS,1973,3300
Malaysia,MYS,1974,10000
Malaysia,MYS,1975,11200
Malaysia,MYS,1976,12000
Malaysia,MYS,1977,11400
Malaysia,MYS,1978,9800
Malaysia,MYS,1979,5800
Malaysia,MYS,1980,5200
Malaysia,MYS,1981,1800
Malaysia,MYS,1982,700
Malaysia,MYS,1983,4600
Malaysia,MYS,1984,7500
Malaysia,MYS,1985,6000
Malaysia,MYS,1986,4965
Malaysia,MYS,1987,7176
Malaysia,MYS,1988,9860
Malaysia,MYS,1989,13546
Malaysia,MYS,1990,10000
Malaysia,MYS,1991,11000
Malaysia,MYS,1992,12000
Malaysia,MYS,1993,12204
Malaysia,MYS,1994,12104
Malaysia,MYS,1995,13000
Malaysia,MYS,1996,12618
Malaysia,MYS,1997,12779
Malaysia,MYS,1998,12936
Malaysia,MYS,1999,13088
Malaysia,MYS,2000,12952
Malaysia,MYS,2001,13036
Malaysia,MYS,2002,13125
Malaysia,MYS,2003,13217
Malaysia,MYS,2004,13308
Malaysia,MYS,2005,13421
Malaysia,MYS,2006,13553
Malaysia,MYS,2007,13000
Malaysia,MYS,2008,13955
Malaysia,MYS,2009,14270
Malaysia,MYS,2010,14595
Malaysia,MYS,2011,14927
Malaysia,MYS,2012,16000
Malaysia,MYS,2013,15541
Malaysia,MYS,2014,15466
Malaysia,MYS,2015,15816
Malaysia,MYS,2016,16058
Malaysia,MYS,2017,16270
Malaysia,MYS,2018,16048
Malaysia,MYS,2019,16126
Malaysia,MYS,2020,16148
Mali,MLI,1980,716
Mali,MLI,1981,27
Mali,MLI,1982,272
Mali,MLI,1983,100
Mali,MLI,1984,210
Mali,MLI,1985,65
Mali,MLI,1986,103
Mali,MLI,1987,69
Mali,MLI,1990,0
Mali,MLI,1991,2564
Mali,MLI,1992,4417
Mali,MLI,1993,6271
Mali,MLI,1994,8125
Mali,MLI,1995,9978
Mali,MLI,1996,11833
Mali,MLI,1997,13687
Mali,MLI,1998,15542
Mali,MLI,1999,17397
Mali,MLI,2000,19252
Mali,MLI,2001,21106
Mali,MLI,2002,22923
Mali,MLI,2003,22892
Mali,MLI,2004,24599
Mali,MLI,2005,26305
Mali,MLI,2006,28012
Mali,MLI,2007,29722
Mali,MLI,2008,31440
Mali,MLI,2009,33196
Mali,MLI,2010,35111
Mali,MLI,2011,37652
Mali,MLI,2012,43823
Mali,MLI,2013,39498
Mali,MLI,2014,72009
Mali,MLI,2015,65699
Mali,MLI,2016,70891
Mali,MLI,2017,119761
Mali,MLI,2018,167621
Mali,MLI,2019,167621
Mali,MLI,2020,173207
Mexico,MEX,1980,316
Mexico,MEX,1981,316
Mexico,MEX,1983,384
Mexico,MEX,1985,1154
Mexico,MEX,1986,1061
Mexico,MEX,1987,1187
Mexico,MEX,1988,1101
Mexico,MEX,1989,357
Mexico,MEX,1990,168
Mexico,MEX,1991,183
Mexico,MEX,1994,94
Mexico,MEX,1995,235
Mexico,MEX,1996,362
Mexico,MEX,1997,301
Mexico,MEX,1998,835
Mexico,MEX,1999,1515
Mexico,MEX,2000,1001
Mexico,MEX,2001,1113
Mexico,MEX,2002,4375
Mexico,MEX,2003,996
Mexico,MEX,2004,2282
Mexico,MEX,2005,4123
Mexico,MEX,2006,3165
Mexico,MEX,2007,2998
Mexico,MEX,2008,4171
Mexico,MEX,2009,4108
Mexico,MEX,2010,4406
Mexico,MEX,2011,4260
Mexico,MEX,2012,4423
Mexico,MEX,2013,4360
Mexico,MEX,2014,4227
Mexico,MEX,2015,4288
Mexico,MEX,2016,3603
Mexico,MEX,2017,3767
Mexico,MEX,2018,3556
Mexico,MEX,2019,3563
Mexico,MEX,2020,4077
Middle Africa (FAO),,1961,1000
Middle Africa (FAO),,1962,1000
Middle Africa (FAO),,1963,1000
Middle Africa (FAO),,1964,1000
Middle Africa (FAO),,1965,1000
Middle Africa (FAO),,1966,1100
Middle Africa (FAO),,1967,1200
Middle Africa (FAO),,1968,1200
Middle Africa (FAO),,1969,1200
Middle Africa (FAO),,1970,1300
Middle Africa (FAO),,1971,1300
Middle Africa (FAO),,1972,1300
Middle Africa (FAO),,1973,1400
Middle Africa (FAO),,1974,1400
Middle Africa (FAO),,1975,1400
Middle Africa (FAO),,1976,1400
Middle Africa (FAO),,1977,1500
Middle Africa (FAO),,1978,1200
Middle Africa (FAO),,1979,1200
Middle Africa (FAO),,1980,1200
Middle Africa (FAO),,1981,1200
Middle Africa (FAO),,1982,1200
Middle Africa (FAO),,1983,1200
Middle Africa (FAO),,1984,1200
Middle Africa (FAO),,1985,1200
Middle Africa (FAO),,1986,1200
Middle Africa (FAO),,1987,1200
Middle Africa (FAO),,1988,1200
Middle Africa (FAO),,1989,1200
Middle Africa (FAO),,1990,816
Middle Africa (FAO),,1991,1153
Middle Africa (FAO),,1992,1100
Middle Africa (FAO),,1993,1100
Middle Africa (FAO),,1994,800
Middle Africa (FAO),,1995,900
Middle Africa (FAO),,1996,1000
Middle Africa (FAO),,1997,1100
Middle Africa (FAO),,1998,1200
Middle Africa (FAO),,1999,1000
Middle Africa (FAO),,2000,1100
Middle Africa (FAO),,2001,1185
Middle Africa (FAO),,2002,1250
Middle Africa (FAO),,2003,1290
Middle Africa (FAO),,2004,1331
Middle Africa (FAO),,2005,1425
Middle Africa (FAO),,2006,1481
Middle Africa (FAO),,2007,1525
Middle Africa (FAO),,2008,1595
Middle Africa (FAO),,2009,1661
Middle Africa (FAO),,2010,1750
Middle Africa (FAO),,2011,1809
Middle Africa (FAO),,2012,2000
Middle Africa (FAO),,2013,1980
Middle Africa (FAO),,2014,2003
Middle Africa (FAO),,2015,2021
Middle Africa (FAO),,2016,2056
Middle Africa (FAO),,2017,2026
Middle Africa (FAO),,2018,2034
Middle Africa (FAO),,2019,2039
Middle Africa (FAO),,2020,2033
Mozambique,MOZ,1961,107000
Mozambique,MOZ,1962,108000
Mozambique,MOZ,1963,149000
Mozambique,MOZ,1964,156000
Mozambique,MOZ,1965,136000
Mozambique,MOZ,1966,119000
Mozambique,MOZ,1967,101000
Mozambique,MOZ,1968,185900
Mozambique,MOZ,1969,154200
Mozambique,MOZ,1970,184000
Mozambique,MOZ,1971,202000
Mozambique,MOZ,1972,200000
Mozambique,MOZ,1973,240000
Mozambique,MOZ,1974,213400
Mozambique,MOZ,1975,188000
Mozambique,MOZ,1976,122000
Mozambique,MOZ,1977,91500
Mozambique,MOZ,1978,61000
Mozambique,MOZ,1979,66000
Mozambique,MOZ,1980,71100
Mozambique,MOZ,1981,71100
Mozambique,MOZ,1982,61000
Mozambique,MOZ,1983,35600
Mozambique,MOZ,1984,20300
Mozambique,MOZ,1985,25000
Mozambique,MOZ,1986,30000
Mozambique,MOZ,1987,35000
Mozambique,MOZ,1988,45000
Mozambique,MOZ,1989,50225
Mozambique,MOZ,1990,22524
Mozambique,MOZ,1991,31134
Mozambique,MOZ,1992,54217
Mozambique,MOZ,1993,23935
Mozambique,MOZ,1994,23000
Mozambique,MOZ,1995,33423
Mozambique,MOZ,1996,66510
Mozambique,MOZ,1997,43325
Mozambique,MOZ,1998,51700
Mozambique,MOZ,1999,58720
Mozambique,MOZ,2000,57894
Mozambique,MOZ,2001,58000
Mozambique,MOZ,2002,50177
Mozambique,MOZ,2003,63818
Mozambique,MOZ,2004,42988
Mozambique,MOZ,2005,104337
Mozambique,MOZ,2006,62821
Mozambique,MOZ,2007,74395
Mozambique,MOZ,2008,85000
Mozambique,MOZ,2009,64000
Mozambique,MOZ,2010,96558
Mozambique,MOZ,2011,112796
Mozambique,MOZ,2012,64731
Mozambique,MOZ,2013,83000
Mozambique,MOZ,2014,63080
Mozambique,MOZ,2015,81240
Mozambique,MOZ,2016,104179
Mozambique,MOZ,2017,139088
Mozambique,MOZ,2018,130000
Mozambique,MOZ,2019,140000
Mozambique,MOZ,2020,128225
Myanmar,MMR,2001,450
Myanmar,MMR,2002,450
Myanmar,MMR,2003,500
Myanmar,MMR,2004,500
Myanmar,MMR,2005,550
Myanmar,MMR,2006,600
Myanmar,MMR,2007,670
Myanmar,MMR,2008,700
Myanmar,MMR,2009,750
Myanmar,MMR,2010,900
Myanmar,MMR,2011,1300
Myanmar,MMR,2012,1300
Myanmar,MMR,2013,1320
Myanmar,MMR,2014,1398
Myanmar,MMR,2015,1590
Myanmar,MMR,2016,1436
Myanmar,MMR,2017,1475
Myanmar,MMR,2018,1500
Myanmar,MMR,2019,1470
Myanmar,MMR,2020,1482
Net Food Importing Developing Countries (FAO),,1961,171565
Net Food Importing Developing Countries (FAO),,1962,195908
Net Food Importing Developing Countries (FAO),,1963,214667
Net Food Importing Developing Countries (FAO),,1964,246694
Net Food Importing Developing Countries (FAO),,1965,237539
Net Food Importing Developing Countries (FAO),,1966,226707
Net Food Importing Developing Countries (FAO),,1967,210403
Net Food Importing Developing Countries (FAO),,1968,300851
Net Food Importing Developing Countries (FAO),,1969,268260
Net Food Importing Developing Countries (FAO),,1970,326046
Net Food Importing Developing Countries (FAO),,1971,360507
Net Food Importing Developing Countries (FAO),,1972,350248
Net Food Importing Developing Countries (FAO),,1973,415485
Net Food Importing Developing Countries (FAO),,1974,366471
Net Food Importing Developing Countries (FAO),,1975,339877
Net Food Importing Developing Countries (FAO),,1976,248769
Net Food Importing Developing Countries (FAO),,1977,236937
Net Food Importing Developing Countries (FAO),,1978,185880
Net Food Importing Developing Countries (FAO),,1979,162606
Net Food Importing Developing Countries (FAO),,1980,149556
Net Food Importing Developing Countries (FAO),,1981,173059
Net Food Importing Developing Countries (FAO),,1982,141254
Net Food Importing Developing Countries (FAO),,1983,97846
Net Food Importing Developing Countries (FAO),,1984,101925
Net Food Importing Developing Countries (FAO),,1985,104532
Net Food Importing Developing Countries (FAO),,1986,102766
Net Food Importing Developing Countries (FAO),,1987,107635
Net Food Importing Developing Countries (FAO),,1988,127863
Net Food Importing Developing Countries (FAO),,1989,150705
Net Food Importing Developing Countries (FAO),,1990,112606
Net Food Importing Developing Countries (FAO),,1991,138251
Net Food Importing Developing Countries (FAO),,1992,183164
Net Food Importing Developing Countries (FAO),,1993,157699
Net Food Importing Developing Countries (FAO),,1994,161735
Net Food Importing Developing Countries (FAO),,1995,222574
Net Food Importing Developing Countries (FAO),,1996,289813
Net Food Importing Developing Countries (FAO),,1997,279374
Net Food Importing Developing Countries (FAO),,1998,341024
Net Food Importing Developing Countries (FAO),,1999,414528
Net Food Importing Developing Countries (FAO),,2000,422112
Net Food Importing Developing Countries (FAO),,2001,461195
Net Food Importing Developing Countries (FAO),,2002,420405
Net Food Importing Developing Countries (FAO),,2003,441811
Net Food Importing Developing Countries (FAO),,2004,490554
Net Food Importing Developing Countries (FAO),,2005,605793
Net Food Importing Developing Countries (FAO),,2006,627783
Net Food Importing Developing Countries (FAO),,2007,694858
Net Food Importing Developing Countries (FAO),,2008,845366
Net Food Importing Developing Countries (FAO),,2009,834210
Net Food Importing Developing Countries (FAO),,2010,893363
Net Food Importing Developing Countries (FAO),,2011,1116066
Net Food Importing Developing Countries (FAO),,2012,1136975
Net Food Importing Developing Countries (FAO),,2013,1284939
Net Food Importing Developing Countries (FAO),,2014,1371475
Net Food Importing Developing Countries (FAO),,2015,1655405
Net Food Importing Developing Countries (FAO),,2016,1482387
Net Food Importing Developing Countries (FAO),,2017,1964194
Net Food Importing Developing Countries (FAO),,2018,2171827
Net Food Importing Developing Countries (FAO),,2019,1994423
Net Food Importing Developing Countries (FAO),,2020,2301552
Nigeria,NGA,1961,7000
Nigeria,NGA,1962,14000
Nigeria,NGA,1963,15000
Nigeria,NGA,1964,19000
Nigeria,NGA,1965,22000
Nigeria,NGA,1966,23000
Nigeria,NGA,1967,24000
Nigeria,NGA,1968,25000
Nigeria,NGA,1969,25000
Nigeria,NGA,1970,25000
Nigeria,NGA,1971,25000
Nigeria,NGA,1972,25000
Nigeria,NGA,1973,25000
Nigeria,NGA,1974,25000
Nigeria,NGA,1975,25000
Nigeria,NGA,1976,25000
Nigeria,NGA,1977,25000
Nigeria,NGA,1978,25000
Nigeria,NGA,1979,25000
Nigeria,NGA,1980,25000
Nigeria,NGA,1981,25000
Nigeria,NGA,1982,25000
Nigeria,NGA,1983,25000
Nigeria,NGA,1984,25000
Nigeria,NGA,1985,25000
Nigeria,NGA,1986,25000
Nigeria,NGA,1987,25000
Nigeria,NGA,1988,25000
Nigeria,NGA,1989,25000
Nigeria,NGA,1990,30000
Nigeria,NGA,1991,45000
Nigeria,NGA,1992,55000
Nigeria,NGA,1993,75000
Nigeria,NGA,1994,85000
Nigeria,NGA,1995,95000
Nigeria,NGA,1996,110000
Nigeria,NGA,1997,125000
Nigeria,NGA,1998,152000
Nigeria,NGA,1999,417000
Nigeria,NGA,2000,466000
Nigeria,NGA,2001,485000
Nigeria,NGA,2002,514000
Nigeria,NGA,2003,524000
Nigeria,NGA,2004,555000
Nigeria,NGA,2005,594000
Nigeria,NGA,2006,636000
Nigeria,NGA,2007,660000
Nigeria,NGA,2008,675266
Nigeria,NGA,2009,800000
Nigeria,NGA,2010,791726
Nigeria,NGA,2011,562572
Nigeria,NGA,2012,412755
Nigeria,NGA,2013,192660
Nigeria,NGA,2014,99010
Nigeria,NGA,2015,97149
Nigeria,NGA,2016,98291
Nigeria,NGA,2017,100000
Nigeria,NGA,2018,100000
Nigeria,NGA,2019,100000
Nigeria,NGA,2020,98809
North America,,1961,2275
North America,,1962,2238
North America,,1963,2327
North America,,1964,2334
North America,,1965,2389
North America,,1966,2427
North America,,1967,2471
North America,,1968,2466
North America,,1969,2510
North America,,1970,2504
North America,,1971,2548
North America,,1972,2558
North America,,1973,2602
North America,,1974,2665
North America,,1975,2527
North America,,1976,2527
North America,,1977,2557
North America,,1978,2897
North America,,1979,3073
North America,,1980,3396
North America,,1981,3406
North America,,1982,3110
North America,,1983,3524
North America,,1984,3109
North America,,1985,4230
North America,,1986,4343
North America,,1987,4206
North America,,1988,4179
North America,,1989,3655
North America,,1990,4696
North America,,1991,4680
North America,,1992,4917
North America,,1993,5337
North America,,1994,5451
North America,,1995,5811
North America,,1996,6804
North America,,1997,5535
North America,,1998,6089
North America,,1999,7067
North America,,2000,6895
North America,,2001,7518
North America,,2002,10199
North America,,2003,6735
North America,,2004,7910
North America,,2005,9628
North America,,2006,8762
North America,,2007,8770
North America,,2008,9829
North America,,2009,9499
North America,,2010,9370
North America,,2011,8819
North America,,2012,8774
North America,,2013,8497
North America,,2014,8063
North America,,2015,7854
North America,,2016,7291
North America,,2017,7099
North America,,2018,7079
North America,,2019,7241
North America,,2020,7765
Peru,PER,1989,2650
Peru,PER,1990,2700
Peru,PER,1991,2350
Peru,PER,1992,2585
Peru,PER,1993,2600
Peru,PER,1994,1525
Peru,PER,1995,1662
Peru,PER,1996,1613
Peru,PER,1997,1150
Peru,PER,1998,2220
Peru,PER,1999,3265
Peru,PER,2000,2717
Peru,PER,2001,2465
Peru,PER,2002,2142
Peru,PER,2003,2173
Peru,PER,2004,2408
Peru,PER,2005,2213
Peru,PER,2006,2250
Peru,PER,2007,2350
Peru,PER,2008,2350
Peru,PER,2009,2535
Peru,PER,2010,2124
Peru,PER,2011,2588
Peru,PER,2012,2706
Peru,PER,2013,2778
Peru,PER,2014,2757
Peru,PER,2015,2556
Peru,PER,2016,2663
Peru,PER,2017,3248
Peru,PER,2018,2668
Peru,PER,2019,1709
Peru,PER,2020,3670
Philippines,PHL,1961,7500
Philippines,PHL,1962,8000
Philippines,PHL,1963,6500
Philippines,PHL,1964,5500
Philippines,PHL,1965,5475
Philippines,PHL,1966,4766
Philippines,PHL,1967,5510
Philippines,PHL,1968,5562
Philippines,PHL,1969,5335
Philippines,PHL,1970,6315
Philippines,PHL,1971,5014
Philippines,PHL,1972,5379
Philippines,PHL,1973,4746
Philippines,PHL,1974,3708
Philippines,PHL,1975,3727
Philippines,PHL,1976,4448
Philippines,PHL,1977,4750
Philippines,PHL,1978,4235
Philippines,PHL,1979,3789
Philippines,PHL,1980,3681
Philippines,PHL,1981,3786
Philippines,PHL,1982,3815
Philippines,PHL,1983,3468
Philippines,PHL,1984,3695
Philippines,PHL,1985,3879
Philippines,PHL,1986,4275
Philippines,PHL,1987,5350
Philippines,PHL,1988,6114
Philippines,PHL,1989,3777
Philippines,PHL,1990,97674
Philippines,PHL,1991,98283
Philippines,PHL,1992,99112
Philippines,PHL,1993,98509
Philippines,PHL,1994,123748
Philippines,PHL,1995,153567
Philippines,PHL,1996,61596
Philippines,PHL,1997,173241
Philippines,PHL,1998,168559
Philippines,PHL,1999,111170
Philippines,PHL,2000,111019
Philippines,PHL,2001,111153
Philippines,PHL,2002,111223
Philippines,PHL,2003,111291
Philippines,PHL,2004,116910
Philippines,PHL,2005,116533
Philippines,PHL,2006,113071
Philippines,PHL,2007,112558
Philippines,PHL,2008,112334
Philippines,PHL,2009,111993
Philippines,PHL,2010,134681
Philippines,PHL,2011,133388
Philippines,PHL,2012,132541
Philippines,PHL,2013,146289
Philippines,PHL,2014,170853
Philippines,PHL,2015,205531
Philippines,PHL,2016,216398
Philippines,PHL,2017,222541
Philippines,PHL,2018,228612
Philippines,PHL,2019,242329
Philippines,PHL,2020,255915
Senegal,SEN,1988,1000
Senegal,SEN,1989,1500
Senegal,SEN,1990,500
Senegal,SEN,1991,3000
Senegal,SEN,1992,1500
Senegal,SEN,1993,2500
Senegal,SEN,1994,1500
Senegal,SEN,1995,2909
Senegal,SEN,1996,2500
Senegal,SEN,1997,4365
Senegal,SEN,1998,7000
Senegal,SEN,1999,15000
Senegal,SEN,2000,7000
Senegal,SEN,2001,4000
Senegal,SEN,2002,4500
Senegal,SEN,2003,5014
Senegal,SEN,2004,5322
Senegal,SEN,2005,5448
Senegal,SEN,2006,5545
Senegal,SEN,2007,5000
Senegal,SEN,2008,5050
Senegal,SEN,2009,5500
Senegal,SEN,2010,6000
Senegal,SEN,2011,6500
Senegal,SEN,2012,6650
Senegal,SEN,2013,7237
Senegal,SEN,2014,7645
Senegal,SEN,2015,8225
Senegal,SEN,2016,10000
Senegal,SEN,2017,9823
Senegal,SEN,2018,8696
Senegal,SEN,2019,8591
Senegal,SEN,2020,8750
Small Island Developing States (FAO),,1961,2775
Small Island Developing States (FAO),,1962,2738
Small Island Developing States (FAO),,1963,2777
Small Island Developing States (FAO),,1964,2784
Small Island Developing States (FAO),,1965,2789
Small Island Developing States (FAO),,1966,2827
Small Island Developing States (FAO),,1967,2821
Small Island Developing States (FAO),,1968,2816
Small Island Developing States (FAO),,1969,2810
Small Island Developing States (FAO),,1970,3304
Small Island Developing States (FAO),,1971,3298
Small Island Developing States (FAO),,1972,3308
Small Island Developing States (FAO),,1973,3302
Small Island Developing States (FAO),,1974,3315
Small Island Developing States (FAO),,1975,3325
Small Island Developing States (FAO),,1976,3325
Small Island Developing States (FAO),,1977,3855
Small Island Developing States (FAO),,1978,3855
Small Island Developing States (FAO),,1979,3865
Small Island Developing States (FAO),,1980,4372
Small Island Developing States (FAO),,1981,5882
Small Island Developing States (FAO),,1982,5902
Small Island Developing States (FAO),,1983,5914
Small Island Developing States (FAO),,1984,12914
Small Island Developing States (FAO),,1985,13914
Small Island Developing States (FAO),,1986,15924
Small Island Developing States (FAO),,1987,18924
Small Island Developing States (FAO),,1988,18920
Small Island Developing States (FAO),,1989,30930
Small Island Developing States (FAO),,1990,30930
Small Island Developing States (FAO),,1991,21754
Small Island Developing States (FAO),,1992,30930
Small Island Developing States (FAO),,1993,27378
Small Island Developing States (FAO),,1994,25723
Small Island Developing States (FAO),,1995,29937
Small Island Developing States (FAO),,1996,39510
Small Island Developing States (FAO),,1997,58817
Small Island Developing States (FAO),,1998,64930
Small Island Developing States (FAO),,1999,74456
Small Island Developing States (FAO),,2000,74395
Small Island Developing States (FAO),,2001,87105
Small Island Developing States (FAO),,2002,87086
Small Island Developing States (FAO),,2003,86422
Small Island Developing States (FAO),,2004,90438
Small Island Developing States (FAO),,2005,90148
Small Island Developing States (FAO),,2006,96147
Small Island Developing States (FAO),,2007,99160
Small Island Developing States (FAO),,2008,112319
Small Island Developing States (FAO),,2009,124223
Small Island Developing States (FAO),,2010,122296
Small Island Developing States (FAO),,2011,125239
Small Island Developing States (FAO),,2012,118273
Small Island Developing States (FAO),,2013,137910
Small Island Developing States (FAO),,2014,159416
Small Island Developing States (FAO),,2015,169850
Small Island Developing States (FAO),,2016,155701
Small Island Developing States (FAO),,2017,161632
Small Island Developing States (FAO),,2018,162373
Small Island Developing States (FAO),,2019,159891
Small Island Developing States (FAO),,2020,161288
South America,,1961,9670
South America,,1962,11987
South America,,1963,13621
South America,,1964,9643
South America,,1965,13789
South America,,1966,13677
South America,,1967,24181
South America,,1968,23683
South America,,1969,23443
South America,,1970,20309
South America,,1971,28602
South America,,1972,35000
South America,,1973,36936
South America,,1974,34901
South America,,1975,20490
South America,,1976,36800
South America,,1977,60000
South America,,1978,77000
South America,,1979,65000
South America,,1980,75000
South America,,1981,74000
South America,,1982,80000
South America,,1983,90000
South America,,1984,74000
South America,,1985,115000
South America,,1986,120000
South America,,1987,75000
South America,,1988,128080
South America,,1989,138780
South America,,1990,110364
South America,,1991,196071
South America,,1992,118296
South America,,1993,87555
South America,,1994,159365
South America,,1995,195106
South America,,1996,177217
South America,,1997,135119
South America,,1998,65095
South America,,1999,157631
South America,,2000,150433
South America,,2001,135825
South America,,2002,176146
South America,,2003,194911
South America,,2004,200070
South America,,2005,164965
South America,,2006,256200
South America,,2007,153384
South America,,2008,256140
South America,,2009,233756
South America,,2010,112512
South America,,2011,241177
South America,,2012,89196
South America,,2013,116413
South America,,2014,116983
South America,,2015,112208
South America,,2016,84395
South America,,2017,141168
South America,,2018,147489
South America,,2019,144418
South America,,2020,148034
South America (FAO),,1961,9670
South America (FAO),,1962,11987
South America (FAO),,1963,13621
South America (FAO),,1964,9643
South America (FAO),,1965,13789
South America (FAO),,1966,13677
South America (FAO),,1967,24181
South America (FAO),,1968,23683
South America (FAO),,1969,23443
South America (FAO),,1970,20309
South America (FAO),,1971,28602
South America (FAO),,1972,35000
South America (FAO),,1973,36936
South America (FAO),,1974,34901
South America (FAO),,1975,20490
South America (FAO),,1976,36800
South America (FAO),,1977,60000
South America (FAO),,1978,77000
South America (FAO),,1979,65000
South America (FAO),,1980,75000
South America (FAO),,1981,74000
South America (FAO),,1982,80000
South America (FAO),,1983,90000
South America (FAO),,1984,74000
South America (FAO),,1985,115000
South America (FAO),,1986,120000
South America (FAO),,1987,75000
South America (FAO),,1988,128080
South America (FAO),,1989,138780
South America (FAO),,1990,110364
South America (FAO),,1991,196071
South America (FAO),,1992,118296
South America (FAO),,1993,87555
South America (FAO),,1994,159365
South America (FAO),,1995,195106
South America (FAO),,1996,177217
South America (FAO),,1997,135119
South America (FAO),,1998,65095
South America (FAO),,1999,157631
South America (FAO),,2000,150433
South America (FAO),,2001,135825
South America (FAO),,2002,176146
South America (FAO),,2003,194911
South America (FAO),,2004,200070
South America (FAO),,2005,164965
South America (FAO),,2006,256200
South America (FAO),,2007,153384
South America (FAO),,2008,256140
South America (FAO),,2009,233756
South America (FAO),,2010,112512
South America (FAO),,2011,241177
South America (FAO),,2012,89196
South America (FAO),,2013,116413
South America (FAO),,2014,116983
South America (FAO),,2015,112208
South America (FAO),,2016,84395
South America (FAO),,2017,141168
South America (FAO),,2018,147489
South America (FAO),,2019,144418
South America (FAO),,2020,148034
South-eastern Asia (FAO),,1961,12300
South-eastern Asia (FAO),,1962,12800
South-eastern Asia (FAO),,1963,11400
South-eastern Asia (FAO),,1964,10500
South-eastern Asia (FAO),,1965,10575
South-eastern Asia (FAO),,1966,11366
South-eastern Asia (FAO),,1967,12210
South-eastern Asia (FAO),,1968,12462
South-eastern Asia (FAO),,1969,12535
South-eastern Asia (FAO),,1970,14015
South-eastern Asia (FAO),,1971,13514
South-eastern Asia (FAO),,1972,14079
South-eastern Asia (FAO),,1973,13146
South-eastern Asia (FAO),,1974,18908
South-eastern Asia (FAO),,1975,29349
South-eastern Asia (FAO),,1976,30424
South-eastern Asia (FAO),,1977,30420
South-eastern Asia (FAO),,1978,30234
South-eastern Asia (FAO),,1979,27753
South-eastern Asia (FAO),,1980,28055
South-eastern Asia (FAO),,1981,30130
South-eastern Asia (FAO),,1982,39845
South-eastern Asia (FAO),,1983,53615
South-eastern Asia (FAO),,1984,82606
South-eastern Asia (FAO),,1985,100493
South-eastern Asia (FAO),,1986,126755
South-eastern Asia (FAO),,1987,151568
South-eastern Asia (FAO),,1988,131779
South-eastern Asia (FAO),,1989,155313
South-eastern Asia (FAO),,1990,289431
South-eastern Asia (FAO),,1991,213530
South-eastern Asia (FAO),,1992,212689
South-eastern Asia (FAO),,1993,244107
South-eastern Asia (FAO),,1994,277814
South-eastern Asia (FAO),,1995,311881
South-eastern Asia (FAO),,1996,220458
South-eastern Asia (FAO),,1997,349058
South-eastern Asia (FAO),,1998,343442
South-eastern Asia (FAO),,1999,272183
South-eastern Asia (FAO),,2000,306286
South-eastern Asia (FAO),,2001,328374
South-eastern Asia (FAO),,2002,399192
South-eastern Asia (FAO),,2003,439831
South-eastern Asia (FAO),,2004,508538
South-eastern Asia (FAO),,2005,530369
South-eastern Asia (FAO),,2006,549959
South-eastern Asia (FAO),,2007,627849
South-eastern Asia (FAO),,2008,632794
South-eastern Asia (FAO),,2009,604600
South-eastern Asia (FAO),,2010,614926
South-eastern Asia (FAO),,2011,613407
South-eastern Asia (FAO),,2012,607532
South-eastern Asia (FAO),,2013,581519
South-eastern Asia (FAO),,2014,590320
South-eastern Asia (FAO),,2015,734606
South-eastern Asia (FAO),,2016,701384
South-eastern Asia (FAO),,2017,616150
South-eastern Asia (FAO),,2018,684102
South-eastern Asia (FAO),,2019,704677
South-eastern Asia (FAO),,2020,778241
Southern Asia (FAO),,1961,89240
Southern Asia (FAO),,1962,91520
Southern Asia (FAO),,1963,93090
Southern Asia (FAO),,1964,97710
Southern Asia (FAO),,1965,108800
Southern Asia (FAO),,1966,110438
Southern Asia (FAO),,1967,119732
Southern Asia (FAO),,1968,123922
Southern Asia (FAO),,1969,122778
Southern Asia (FAO),,1970,126089
Southern Asia (FAO),,1971,130323
Southern Asia (FAO),,1972,132790
Southern Asia (FAO),,1973,134926
Southern Asia (FAO),,1974,140421
Southern Asia (FAO),,1975,148584
Southern Asia (FAO),,1976,166486
Southern Asia (FAO),,1977,167897
Southern Asia (FAO),,1978,173333
Southern Asia (FAO),,1979,180667
Southern Asia (FAO),,1980,188526
Southern Asia (FAO),,1981,193340
Southern Asia (FAO),,1982,203850
Southern Asia (FAO),,1983,205580
Southern Asia (FAO),,1984,214980
Southern Asia (FAO),,1985,230830
Southern Asia (FAO),,1986,243421
Southern Asia (FAO),,1987,254764
Southern Asia (FAO),,1988,271152
Southern Asia (FAO),,1989,284101
Southern Asia (FAO),,1990,294590
Southern Asia (FAO),,1991,303090
Southern Asia (FAO),,1992,313310
Southern Asia (FAO),,1993,357500
Southern Asia (FAO),,1994,356800
Southern Asia (FAO),,1995,326740
Southern Asia (FAO),,1996,423230
Southern Asia (FAO),,1997,434800
Southern Asia (FAO),,1998,367030
Southern Asia (FAO),,1999,465200
Southern Asia (FAO),,2000,524610
Southern Asia (FAO),,2001,455310
Southern Asia (FAO),,2002,475340
Southern Asia (FAO),,2003,505490
Southern Asia (FAO),,2004,541130
Southern Asia (FAO),,2005,550200
Southern Asia (FAO),,2006,579810
Southern Asia (FAO),,2007,627050
Southern Asia (FAO),,2008,672120
Southern Asia (FAO),,2009,701770
Southern Asia (FAO),,2010,619970
Southern Asia (FAO),,2011,681490
Southern Asia (FAO),,2012,731510
Southern Asia (FAO),,2013,759426
Southern Asia (FAO),,2014,759378
Southern Asia (FAO),,2015,758653
Southern Asia (FAO),,2016,689511
Southern Asia (FAO),,2017,765190
Southern Asia (FAO),,2018,861756
Southern Asia (FAO),,2019,778051
Southern Asia (FAO),,2020,806434
Sri Lanka,LKA,1961,4240
Sri Lanka,LKA,1962,3520
Sri Lanka,LKA,1963,1090
Sri Lanka,LKA,1964,2710
Sri Lanka,LKA,1965,8800
Sri Lanka,LKA,1966,6620
Sri Lanka,LKA,1967,5550
Sri Lanka,LKA,1968,5380
Sri Lanka,LKA,1969,2340
Sri Lanka,LKA,1970,2770
Sri Lanka,LKA,1971,3100
Sri Lanka,LKA,1972,2790
Sri Lanka,LKA,1973,5160
Sri Lanka,LKA,1974,4970
Sri Lanka,LKA,1975,4330
Sri Lanka,LKA,1976,4950
Sri Lanka,LKA,1977,5440
Sri Lanka,LKA,1978,8010
Sri Lanka,LKA,1979,8850
Sri Lanka,LKA,1980,8260
Sri Lanka,LKA,1981,8090
Sri Lanka,LKA,1982,8090
Sri Lanka,LKA,1983,4140
Sri Lanka,LKA,1984,4110
Sri Lanka,LKA,1985,9500
Sri Lanka,LKA,1986,8941
Sri Lanka,LKA,1987,9184
Sri Lanka,LKA,1988,10892
Sri Lanka,LKA,1989,9771
Sri Lanka,LKA,1990,9000
Sri Lanka,LKA,1991,8500
Sri Lanka,LKA,1992,8000
Sri Lanka,LKA,1993,7500
Sri Lanka,LKA,1994,6800
Sri Lanka,LKA,1995,5100
Sri Lanka,LKA,1996,5400
Sri Lanka,LKA,1997,4800
Sri Lanka,LKA,1998,7030
Sri Lanka,LKA,1999,5200
Sri Lanka,LKA,2000,4610
Sri Lanka,LKA,2001,5310
Sri Lanka,LKA,2002,5340
Sri Lanka,LKA,2003,5490
Sri Lanka,LKA,2004,6130
Sri Lanka,LKA,2005,6200
Sri Lanka,LKA,2006,6810
Sri Lanka,LKA,2007,7050
Sri Lanka,LKA,2008,7120
Sri Lanka,LKA,2009,6770
Sri Lanka,LKA,2010,6970
Sri Lanka,LKA,2011,6890
Sri Lanka,LKA,2012,6510
Sri Lanka,LKA,2013,6426
Sri Lanka,LKA,2014,6378
Sri Lanka,LKA,2015,13653
Sri Lanka,LKA,2016,18511
Sri Lanka,LKA,2017,20190
Sri Lanka,LKA,2018,44756
Sri Lanka,LKA,2019,35051
Sri Lanka,LKA,2020,33655
Tanzania,TZA,1961,50000
Tanzania,TZA,1962,70000
Tanzania,TZA,1963,50000
Tanzania,TZA,1964,71000
Tanzania,TZA,1965,76000
Tanzania,TZA,1966,83200
Tanzania,TZA,1967,83800
Tanzania,TZA,1968,92500
Tanzania,TZA,1969,95700
Tanzania,TZA,1970,107445
Tanzania,TZA,1971,126409
Tanzania,TZA,1972,125559
Tanzania,TZA,1973,145080
Tanzania,TZA,1974,121704
Tanzania,TZA,1975,115840
Tanzania,TZA,1976,83637
Tanzania,TZA,1977,93285
Tanzania,TZA,1978,68478
Tanzania,TZA,1979,57128
Tanzania,TZA,1980,41416
Tanzania,TZA,1981,64000
Tanzania,TZA,1982,43200
Tanzania,TZA,1983,33070
Tanzania,TZA,1984,38100
Tanzania,TZA,1985,32750
Tanzania,TZA,1986,19200
Tanzania,TZA,1987,18490
Tanzania,TZA,1988,22470
Tanzania,TZA,1989,19260
Tanzania,TZA,1990,17060
Tanzania,TZA,1991,29850
Tanzania,TZA,1992,41300
Tanzania,TZA,1993,39300
Tanzania,TZA,1994,46700
Tanzania,TZA,1995,63400
Tanzania,TZA,1996,81800
Tanzania,TZA,1997,65400
Tanzania,TZA,1998,93200
Tanzania,TZA,1999,106500
Tanzania,TZA,2000,121600
Tanzania,TZA,2001,122300
Tanzania,TZA,2002,67380
Tanzania,TZA,2003,91340
Tanzania,TZA,2004,92810
Tanzania,TZA,2005,89980
Tanzania,TZA,2006,90382
Tanzania,TZA,2007,92600
Tanzania,TZA,2008,134998
Tanzania,TZA,2009,79100
Tanzania,TZA,2010,74170
Tanzania,TZA,2011,121070
Tanzania,TZA,2012,160000
Tanzania,TZA,2013,127947
Tanzania,TZA,2014,130124
Tanzania,TZA,2015,197933
Tanzania,TZA,2016,155416
Tanzania,TZA,2017,265238
Tanzania,TZA,2018,313826
Tanzania,TZA,2019,225106
Tanzania,TZA,2020,232681
Thailand,THA,1961,500
Thailand,THA,1962,500
Thailand,THA,1963,600
Thailand,THA,1964,700
Thailand,THA,1965,800
Thailand,THA,1966,900
Thailand,THA,1967,1000
Thailand,THA,1968,1100
Thailand,THA,1969,1200
Thailand,THA,1970,1300
Thailand,THA,1971,1400
Thailand,THA,1972,1500
Thailand,THA,1973,1600
Thailand,THA,1974,1700
Thailand,THA,1975,1800
Thailand,THA,1976,1900
Thailand,THA,1977,2000
Thailand,THA,1978,2500
Thailand,THA,1979,3500
Thailand,THA,1980,4500
Thailand,THA,1981,6600
Thailand,THA,1982,8500
Thailand,THA,1983,7500
Thailand,THA,1984,12000
Thailand,THA,1985,9500
Thailand,THA,1986,15000
Thailand,THA,1987,15000
Thailand,THA,1988,12500
Thailand,THA,1989,10000
Thailand,THA,1990,11850
Thailand,THA,1991,15000
Thailand,THA,1992,15630
Thailand,THA,1993,17093
Thailand,THA,1994,18000
Thailand,THA,1995,19734
Thailand,THA,1996,20000
Thailand,THA,1997,22401
Thailand,THA,1998,21000
Thailand,THA,1999,22000
Thailand,THA,2000,44789
Thailand,THA,2001,39071
Thailand,THA,2002,35345
Thailand,THA,2003,43492
Thailand,THA,2004,42126
Thailand,THA,2005,60506
Thailand,THA,2006,46377
Thailand,THA,2007,43048
Thailand,THA,2008,40612
Thailand,THA,2009,38184
Thailand,THA,2010,37857
Thailand,THA,2011,29060
Thailand,THA,2012,28260
Thailand,THA,2013,26930
Thailand,THA,2014,26400
Thailand,THA,2015,22060
Thailand,THA,2016,25130
Thailand,THA,2017,24530
Thailand,THA,2018,23907
Thailand,THA,2019,24522
Thailand,THA,2020,24320
Togo,TGO,1987,193
Togo,TGO,1988,200
Togo,TGO,1989,356
Togo,TGO,1990,587
Togo,TGO,1991,356
Togo,TGO,1992,665
Togo,TGO,1993,409
Togo,TGO,1994,424
Togo,TGO,1995,750
Togo,TGO,1996,838
Togo,TGO,1997,160
Togo,TGO,1998,180
Togo,TGO,1999,300
Togo,TGO,2000,249
Togo,TGO,2001,180
Togo,TGO,2002,230
Togo,TGO,2003,350
Togo,TGO,2004,550
Togo,TGO,2005,623
Togo,TGO,2006,700
Togo,TGO,2007,1400
Togo,TGO,2008,2100
Togo,TGO,2009,3500
Togo,TGO,2010,4900
Togo,TGO,2011,6700
Togo,TGO,2012,6800
Togo,TGO,2013,7113
Togo,TGO,2014,7421
Togo,TGO,2015,8900
Togo,TGO,2016,7811
Togo,TGO,2017,8044
Togo,TGO,2018,8252
Togo,TGO,2019,8036
Togo,TGO,2020,8111
Upper-middle-income countries,,1961,16545
Upper-middle-income countries,,1962,19025
Upper-middle-income countries,,1963,20998
Upper-middle-income countries,,1964,17327
Upper-middle-income countries,,1965,21378
Upper-middle-income countries,,1966,21754
Upper-middle-income countries,,1967,32402
Upper-middle-income countries,,1968,32299
Upper-middle-income countries,,1969,32353
Upper-middle-income countries,,1970,29963
Upper-middle-income countries,,1971,38400
Upper-middle-income countries,,1972,44793
Upper-middle-income countries,,1973,46623
Upper-middle-income countries,,1974,51901
Upper-middle-income countries,,1975,39100
Upper-middle-income countries,,1976,56520
Upper-middle-income countries,,1977,79050
Upper-middle-income countries,,1978,95350
Upper-middle-income countries,,1979,80660
Upper-middle-income countries,,1980,91886
Upper-middle-income countries,,1981,89996
Upper-middle-income countries,,1982,96600
Upper-middle-income countries,,1983,110094
Upper-middle-income countries,,1984,101410
Upper-middle-income countries,,1985,139064
Upper-middle-income countries,,1986,149146
Upper-middle-income countries,,1987,107083
Upper-middle-income countries,,1988,160461
Upper-middle-income countries,,1989,165113
Upper-middle-income countries,,1990,134312
Upper-middle-income countries,,1991,223984
Upper-middle-income countries,,1992,147556
Upper-middle-income countries,,1993,118632
Upper-middle-income countries,,1994,191493
Upper-middle-income countries,,1995,229928
Upper-middle-income countries,,1996,212327
Upper-middle-income countries,,1997,173095
Upper-middle-income countries,,1998,102161
Upper-middle-income countries,,1999,196731
Upper-middle-income countries,,2000,211304
Upper-middle-income countries,,2001,191113
Upper-middle-income countries,,2002,230978
Upper-middle-income countries,,2003,254824
Upper-middle-income countries,,2004,259402
Upper-middle-income countries,,2005,244405
Upper-middle-income countries,,2006,320713
Upper-middle-income countries,,2007,213946
Upper-middle-income countries,,2008,316578
Upper-middle-income countries,,2009,292023
Upper-middle-income countries,,2010,170835
Upper-middle-income countries,,2011,290536
Upper-middle-income countries,,2012,138935
Upper-middle-income countries,,2013,164227
Upper-middle-income countries,,2014,164041
Upper-middle-income countries,,2015,155250
Upper-middle-income countries,,2016,130112
Upper-middle-income countries,,2017,186643
Upper-middle-income countries,,2018,191891
Upper-middle-income countries,,2019,189526
Upper-middle-income countries,,2020,193467
Vietnam,VNM,1961,700
Vietnam,VNM,1962,700
Vietnam,VNM,1963,700
Vietnam,VNM,1964,700
Vietnam,VNM,1965,700
Vietnam,VNM,1966,2100
Vietnam,VNM,1967,2100
Vietnam,VNM,1968,2100
Vietnam,VNM,1969,2100
Vietnam,VNM,1970,2100
Vietnam,VNM,1971,3500
Vietnam,VNM,1972,3500
Vietnam,VNM,1973,3500
Vietnam,VNM,1974,3500
Vietnam,VNM,1975,3500
Vietnam,VNM,1976,4900
Vietnam,VNM,1977,4900
Vietnam,VNM,1978,4900
Vietnam,VNM,1979,4900
Vietnam,VNM,1980,5600
Vietnam,VNM,1981,6500
Vietnam,VNM,1982,10000
Vietnam,VNM,1983,20000
Vietnam,VNM,1984,40000
Vietnam,VNM,1985,60000
Vietnam,VNM,1986,80000
Vietnam,VNM,1987,100000
Vietnam,VNM,1988,80000
Vietnam,VNM,1989,100000
Vietnam,VNM,1990,140000
Vietnam,VNM,1991,32000
Vietnam,VNM,1992,23730
Vietnam,VNM,1993,46550
Vietnam,VNM,1994,51885
Vietnam,VNM,1995,50585
Vietnam,VNM,1996,59144
Vietnam,VNM,1997,66905
Vietnam,VNM,1998,53251
Vietnam,VNM,1999,35604
Vietnam,VNM,2000,67599
Vietnam,VNM,2001,73078
Vietnam,VNM,2002,128817
Vietnam,VNM,2003,164400
Vietnam,VNM,2004,204674
Vietnam,VNM,2005,204289
Vietnam,VNM,2006,227132
Vietnam,VNM,2007,312425
Vietnam,VNM,2008,308541
Vietnam,VNM,2009,292000
Vietnam,VNM,2010,311744
Vietnam,VNM,2011,319943
Vietnam,VNM,2012,312516
Vietnam,VNM,2013,275439
Vietnam,VNM,2014,245003
Vietnam,VNM,2015,352029
Vietnam,VNM,2016,305268
Vietnam,VNM,2017,215765
Vietnam,VNM,2018,266388
Vietnam,VNM,2019,286047
Vietnam,VNM,2020,348504
Western Africa (FAO),,1961,9450
Western Africa (FAO),,1962,16450
Western Africa (FAO),,1963,17450
Western Africa (FAO),,1964,21450
Western Africa (FAO),,1965,24450
Western Africa (FAO),,1966,25460
Western Africa (FAO),,1967,26582
Western Africa (FAO),,1968,27705
Western Africa (FAO),,1969,27810
Western Africa (FAO),,1970,28427
Western Africa (FAO),,1971,28450
Western Africa (FAO),,1972,28480
Western Africa (FAO),,1973,28374
Western Africa (FAO),,1974,28577
Western Africa (FAO),,1975,28295
Western Africa (FAO),,1976,28260
Western Africa (FAO),,1977,29560
Western Africa (FAO),,1978,29900
Western Africa (FAO),,1979,29770
Western Africa (FAO),,1980,31102
Western Africa (FAO),,1981,32981
Western Africa (FAO),,1982,34972
Western Africa (FAO),,1983,34200
Western Africa (FAO),,1984,41210
Western Africa (FAO),,1985,45510
Western Africa (FAO),,1986,50447
Western Africa (FAO),,1987,53146
Western Africa (FAO),,1988,53323
Western Africa (FAO),,1989,72001
Western Africa (FAO),,1990,74158
Western Africa (FAO),,1991,88267
Western Africa (FAO),,1992,110147
Western Africa (FAO),,1993,140226
Western Africa (FAO),,1994,151139
Western Africa (FAO),,1995,198333
Western Africa (FAO),,1996,221834
Western Africa (FAO),,1997,274897
Western Africa (FAO),,1998,320364
Western Africa (FAO),,1999,640631
Western Africa (FAO),,2000,684942
Western Africa (FAO),,2001,740269
Western Africa (FAO),,2002,794061
Western Africa (FAO),,2003,795107
Western Africa (FAO),,2004,898827
Western Africa (FAO),,2005,997365
Western Africa (FAO),,2006,1105752
Western Africa (FAO),,2007,1179485
Western Africa (FAO),,2008,1280156
Western Africa (FAO),,2009,1476770
Western Africa (FAO),,2010,1505705
Western Africa (FAO),,2011,1435565
Western Africa (FAO),,2012,1311887
Western Africa (FAO),,2013,1263707
Western Africa (FAO),,2014,1281473
Western Africa (FAO),,2015,1464172
Western Africa (FAO),,2016,1338753
Western Africa (FAO),,2017,1477361
Western Africa (FAO),,2018,1588442
Western Africa (FAO),,2019,1467812
Western Africa (FAO),,2020,1756355
World,OWID_WRL,1961,287535
World,OWID_WRL,1962,324895
World,OWID_WRL,1963,349088
World,OWID_WRL,1964,383437
World,OWID_WRL,1965,386303
World,OWID_WRL,1966,381318
World,OWID_WRL,1967,387776
World,OWID_WRL,1968,483538
World,OWID_WRL,1969,452676
World,OWID_WRL,1970,511939
World,OWID_WRL,1971,558846
World,OWID_WRL,1972,558142
World,OWID_WRL,1973,624348
World,OWID_WRL,1974,585246
World,OWID_WRL,1975,563785
World,OWID_WRL,1976,507534
World,OWID_WRL,1977,519619
World,OWID_WRL,1978,488642
World,OWID_WRL,1979,457681
World,OWID_WRL,1980,464195
World,OWID_WRL,1981,494157
World,OWID_WRL,1982,488361
World,OWID_WRL,1983,474989
World,OWID_WRL,1984,501405
World,OWID_WRL,1985,574013
World,OWID_WRL,1986,617266
World,OWID_WRL,1987,614274
World,OWID_WRL,1988,682583
World,OWID_WRL,1989,743835
World,OWID_WRL,1990,826939
World,OWID_WRL,1991,886589
World,OWID_WRL,1992,873090
World,OWID_WRL,1993,913124
World,OWID_WRL,1994,1034483
World,OWID_WRL,1995,1147731
World,OWID_WRL,1996,1216767
World,OWID_WRL,1997,1326767
World,OWID_WRL,1998,1270730
World,OWID_WRL,1999,1729952
World,OWID_WRL,2000,1874152
World,OWID_WRL,2001,1868886
World,OWID_WRL,2002,1991699
World,OWID_WRL,2003,2116693
World,OWID_WRL,2004,2314295
World,OWID_WRL,2005,2470025
World,OWID_WRL,2006,2677822
World,OWID_WRL,2007,2789058
World,OWID_WRL,2008,3098306
World,OWID_WRL,2009,3196087
World,OWID_WRL,2010,3060225
World,OWID_WRL,2011,3244718
World,OWID_WRL,2012,3012231
World,OWID_WRL,2013,2971076
World,OWID_WRL,2014,2981128
World,OWID_WRL,2015,3394723
World,OWID_WRL,2016,3115475
World,OWID_WRL,2017,3655790
World,OWID_WRL,2018,4022560
World,OWID_WRL,2019,3773098
World,OWID_WRL,2020,4180990